Telugu,English
ది,The
ఉంటుంది,Will be
మరియు,and
a,a
యొక్క,Of
కు,To
లో,In
i,I
మీరు,You
అది,That
కలిగి ఉంటాయి,Have
కు,To
అని,That
కోసం,For
చేయండి,Do
అతను,He
తో,With
పై,On top
ఇది,This
కాదు,No
మేము,We
అని,That
కాదు,No
కాని,But
వాళ్ళు,They
అంటున్నారు,They say
వద్ద,At
ఏమి,What
తన,His
నుండి,From
వెళ్ళండి,Go
లేదా,Or
ద్వారా,By
పొందండి,Get
ఆమె,She
నా,My
చెయ్యవచ్చు,Can
వంటి,Like
తెలుసు,Know
ఉంటే,If
నన్ను,Me
మీ,Your
అన్ని,All
who,who
గురించి,About
వారి,Their
రెడీ,Ready
కాబట్టి,So
ఉంటుంది,Will be
తయారు,Made
కేవలం,Just
పైకి,Up
అనుకుంటాను,I think so.
సమయం,Time
అక్కడ,There
చూడండి,See
ఆమె,She
వంటి,Like
బయటకు,Out
ఒకటి,One
రండి,Come on.
ప్రజలు,People
తీసుకోవడం,Taking
సంవత్సరం,Year
అతనిని,Him
వాటిని,Them
కొన్ని,Some
కావాలి,Want
ఎలా,How
ఎప్పుడు,When
ఏది,Which
ఇప్పుడు,Now
ఇష్టం,Like
ఇతర,Other
కాలేదు,Couldn't
మా,Our
లోకి,Into
ఇక్కడ,Here
అప్పుడు,Then
కంటే,Than
చూడు,Look
మార్గం,Way
మరింత,More
ఇవి,These
సంఖ్య,Number
విషయం,Subject
బాగా,Well
ఎందుకంటే,Because
కూడా,Also
రెండు,Two
వా డు,Use
చెప్పండి,Tell me
మంచిది,Good
ప్రధమ,First
మనిషి,Man
రోజు,Day
కనుగొనండి,Find
ఇస్తాయి,Give
మరింత,More
కొత్త,New
ఒకటి,One
మాకు,For us
ఏదైనా,Anything
ఆ,That
చాలా,Very
ఆమె,She
అవసరం,Need
తిరిగి,Back
అక్కడ,There
ఉండాలి,To be
కూడా,Also
మాత్రమే,Only
అనేక,Many
నిజంగా,Really
పని,Work
జీవితం,Life
ఎందుకు,Why?
కుడి,Right
క్రిందికి,Down
పై,On top
ప్రయత్నించండి,Try
వీలు,Let
ఏదో,Something
చాలా,Very
కాల్ చేయండి,Call
స్త్రీ,Woman
మే,May
ఇప్పటికీ,Still
ద్వారా,By
అర్థం,Meaning
తర్వాత,After
ఎప్పుడూ,Never
సంఖ్య,Number
ప్రపంచం,World
లో,In
అనుభూతి,Feeling
అవును,Yes
గొప్ప,Great
చివరి,Last
బిడ్డ,Child
ఓహ్,Oh
పైగా,Over
అడగండి,Ask
ఎప్పుడు,When
వంటి,Like
పాఠశాల,School
రాష్ట్రం,State
చాలా,Very
మాట్లాడండి,Speak.
బయటకు,Out
ఉంచు,Keep
వదిలివేయండి,Leave
చాలు,Enough
ఇష్టం,Like
సహాయం,Help
పెద్ద,Big
ఎక్కడ,Where
అదే,Same
అన్ని,All
స్వంతం,Own
అయితే,However
ప్రారంభించండి,Get started
మూడు,Three
అధిక,High
ప్రతి,Every
మరొకటి,Another one
అవుతాయి,Will be
అత్యంత,Most
మధ్య,Middle
జరుగుతాయి,Happens
కుటుంబం,Family
పైగా,Over
అధ్యక్షుడు,President
పాతది,Old
అవును,Yes
ఇల్లు,House
చూపించు,Show
మళ్ళీ,Again
విద్యార్థి,Student
కాబట్టి,So
అనిపించవచ్చు,It may seem
ఉండవచ్చు,Maybe
భాగం,Part
వింటారు,Listen.
దాని,Its
స్థలం,Place
సమస్య,Problem
ఎక్కడ,Where
నమ్మకం,Trust
దేశం,Country
ఎల్లప్పుడూ,Always
వారం,Week
పాయింట్,Point
చెయ్యి,Hand
ఆఫ్,Off
ఆడండి,Play
మలుపు,Turn
కొన్ని,Some
సమూహం,Group
అటువంటి,Such
వ్యతిరేకంగా,Against
పరుగు,Running
వ్యక్తి,Person
గురించి,About
కేసు,Case
ప్రశ్న,Question
పని,Work
రాత్రి,Night
జీవించు,Live
ఆట,Game
సంఖ్య,Number
వ్రాయడానికి,To write
తీసుకురండి,Bring it.
లేకుండా,Without
డబ్బు,Money
చాలా,Very
అత్యంత,Most
పుస్తకం,Book
వ్యవస్థ,System
ప్రభుత్వం,Government
తరువాత,Later
నగరం,City
కంపెనీ,Company
కథ,Story
నేడు,Today
ఉద్యోగం,Job
కదలిక,Movement
తప్పక,Must
చెడు,Bad
స్నేహితుడు,Friend
సమయంలో,During
ప్రారంభం,Start
ప్రేమ,Love
ప్రతి,Every
పట్టుకోండి,Hold on.
భిన్నమైనది,Different
అమెరికన్,American
కొద్దిగా,A little
ముందు,Before
ఎప్పుడూ,Never
పదం,Word
వాస్తవం,Fact
కుడి,Right
చదవండి,Read
ఏదైనా,Anything
ఏమిలేదు,Nothing.
ఖచ్చితంగా,Sure
చిన్నది,Small
నెల,Month
కార్యక్రమం,Program
బహుశా,Maybe
కుడి,Right
కింద,Under
వ్యాపారం,Business
ఇల్లు,House
రకం,Type
ఆపండి,Stop.
చెల్లించాలి,Pay
చదువు,Education
నుండి,From
సమస్య,Problem
పేరు,Name
ఆలోచన,Thought
గది,Room
శాతం,Percentage
దురముగా,Far away
దూరంగా,Away
చట్టం,Law
నిజానికి,Actually
పెద్ద,Big
అయితే,However
అందించడానికి,To provide
కోల్పోతారు,Lose
శక్తి,Power
చిన్నపిల్ల,Little boy
యుద్ధం,War
అర్థం చేసుకుంటారు,Understand
తల,Head
తల్లి,Mother
నిజమైన,Real
ఉత్తమమైనది,The best
జట్టు,Team
కన్ను,Eye
పొడవు,Length
పొడవు,Length
వైపు,Side
నీటి,Water
యువకుడు,Young man
వేచి ఉండండి,Wait.
సరే,Okay
రెండు,Two
ఇంకా,And more
తర్వాత,After
కలుసుకోవడం,Meeting
సేవ,Service
ప్రాంతం,Area
ముఖ్యమైన,Important
వ్యక్తి,Person
హే,Hey
ధన్యవాదాలు,Thank you
చాలా,Very
ఎవరైనా,Someone
ముగింపు,Conclusion
మార్పు,Change
అయితే,However
మాత్రమే,Only
చుట్టూ,Around
గంట,Hour
ప్రతిదీ,Everything
జాతీయ,National
నాలుగు,Four
లైన్,Line
అమ్మాయి,Girl
చుట్టూ,Around
వాచ్,Watch
వరకు,Until
తండ్రి,Father
కూర్చోండి,Sit down.
సృష్టించు,Create
సమాచారం,Information
కారు,Car
నేర్చుకుంటారు,Learn
కనీసం,At least
ఇప్పటికే,Already
చంపేస్తాయి,They will kill.
నిమిషం,Minute
పార్టీ,Party
చేర్చండి,Include
నిలబడండి,Stand up.
కలిసి,Together
తిరిగి,Back
అనుసరించండి,Follow
ఆరోగ్యం,Health
గుర్తుంచుకోవాలి,Remember
తరచుగా,Often
కారణం,Reason
మాట్లాడతారు,Will speak
క్రితం,ago
సెట్,Set
నలుపు,Black
సభ్యుడు,Member
సంఘం,Community
ఒకసారి,Once
సామాజిక,Social
వార్తలు,News
అనుమతిస్తాయి,Allow
గెలుపు,Victory
శరీరం,Body
దారి,Path
కొనసాగుతుంది,Continued
ఉందొ లేదో అని,Whether or not
చాలు,Enough
ఖర్చు చేస్తారు,Will spend
స్థాయి,Level
చేయగలరు,Can do
రాజకీయ,Political
దాదాపు,Almost
అబ్బాయి,Boy
విశ్వవిద్యాలయ,University
ముందు,Before
ఉండు,Stay
జోడించు,Add
తరువాత,Later
మార్పు,Change
ఐదు,Five
బహుశా,Maybe
కేంద్రం,Center
మధ్య,Middle
ముఖం,Face
ప్రజా,Public
చనిపోతారు,Will die.
ఆహారం,Food
లేకపోతే,Otherwise
చరిత్ర,History
కొనుగోలు,Purchase
ఫలితం,Result
ఉదయం,Morning
ఆఫ్,Off
తల్లిదండ్రులు,Parents
కార్యాలయం,Office
కోర్సు,Course
పంపండి,Send
పరిశోధన,Research
నడవండి,Walk
తలుపు,Door
తెలుపు,White
అనేక,Many
కోర్టు,Court
ఇల్లు,House
పెరుగు,Yogurt
మంచి,Good
తెరవండి,Open
క్షణం,Moment
సహా,Including
పరిగణించండి,Consider
రెండు,Two
అటువంటి,Such
కొద్దిగా,A little
లోపల,Inside
రెండవ,Second
ఆలస్యం,Delay
వీధి,Street
ఉచిత,Free
మంచి,Good
ప్రతి ఒక్కరూ,Everyone
విధానం,Method
పట్టిక,Table
క్షమించండి,Sorry.
శ్రమ,Labor
తక్కువ,Low
మానవుడు,Human
దయచేసి,Please
ఆశిస్తున్నాము,Hope
నిజమే,True
ప్రక్రియ,Process
గురువు,Teacher
సమాచారం,Information
ఆఫర్,Offer
మరణం,Death
మొత్తం,Total
అనుభవం,Experience
ప్రణాళిక,Plan
సులభంగా,Easily
చదువు,Education
నిర్మించు,Build
ఆశించవచ్చు,Expected
పతనం,Fall
తాను,Himself
వయస్సు,Age
కష్టం,Difficult
భావం,Feeling
అంతటా,Throughout
చూపించు,Show
ప్రారంభ,Beginning
కళాశాల,College
సంగీతం,Music
కనిపిస్తాయి,Appear
మనసు,Mind
తరగతి,Class
పోలీసు,Police
వా డు,Use
ప్రభావం,Effect
బుతువు,Season
పన్ను,Tax
గుండె,Heart
కొడుకు,Son
కళ,Art
సాధ్యం,Possible
అందజేయడం,Handing over
బ్రేక్,Break
అయినప్పటికీ,Although
ముగింపు,Conclusion
సంత,Market
కూడా,Also
గాలి,Wind
బలవంతం,Force
అవసరం,Need
అడుగు,Step
పైకి,Up
వినండి,Listen.
అంగీకరిస్తున్నారు,Agree
ప్రకారం,According to
ఎవరైనా,Someone
పాప,Baby
తప్పు,Wrong
ప్రేమ,Love
కట్,Cut
నిర్ణయించుకుంటారు,Decide
రిపబ్లికన్,Republican
పూర్తి,Complete
వెనుక,Back
పాస్,Pass
ఆసక్తి,Interest
కొన్నిసార్లు,Sometimes
భద్రత,Security
తిను,Eat
నివేదిక,Report
నియంత్రణ,Control
రేటు,Rate
స్థానిక,Local
సూచించండి,Suggest
నివేదిక,Report
దేశం,Country
అమ్ముతారు,Sold
చర్య,Action
మద్దతు,Support
భార్య,Wife
నిర్ణయం,Decision
అందుకుంటారు,Receive
విలువ,Value
బేస్,Base
ఎంచుకోండి,Choose
ఫోన్,Phone
ధన్యవాదాలు,Thank you
సంఘటన,Event
డ్రైవ్,Drive
బలమైన,Strong
చేరుకుంటాయి,Will arrive
మిగిలి ఉన్నాయి,Remaining
వివరించండి,Explain.
సైట్,Site
కొట్టుట,Beating
లాగండి,Drag
చర్చి,Church
మోడల్,Model
బహుశా,Maybe
సంబంధం,Relationship
ఆరు,Six
జరిమానా,Fine
సినిమా,Movie
ఫీల్డ్,Field
పెంచండి,Increase
తక్కువ,Low
ఆటగాడు,Player
జంట,Couple
మిలియన్,Million
తమను తాము,Themselves
రికార్డు,Record
ముఖ్యంగా,Especially
తేడా,Difference
కాంతి,Light
అభివృద్ధి,Development
సమాఖ్య,Federation
మాజీ,Former
పాత్ర,Character
చక్కని,Nice
నేనే,Me
వీక్షణ,View
ధర,Price
కృషి,Effort
బాగుంది,Good
చాలా,Very
పాటు,Along
వాయిస్,Voice
చివరకు,Finally
శాఖ,Branch
గాని,Either
వైపు,Side
నాయకుడు,Leader
ఎందుకంటే,Because
ఫోటో,Photo
ధరించడం,Wearing
స్థలం,Place
ప్రాజెక్ట్,Project
తిరిగి,Back
స్థానం,Location
ప్రత్యేక,Special
మిలియన్,Million
చిత్రం,Image
అవసరం,Need
ప్రధాన,Main
రకం,Type
పట్టణం,Town
వ్యాసం,Article
త్రోవ,Path
రూపం,Form
అవకాశం,Opportunity
మందు,Medicine
ఆర్థిక,Finance
పరిస్థితి,Situation
ఎంచుకోండి,Choose
సాధన,Practice
కారణం,Reason
సంతోషంగా,Happy
సైన్స్,Science
చేరండి,Join
బోధిస్తారు,Teach
ప్రారంభ,Beginning
అభివృద్ధి,Development
వాటా,Share
మీరే,You yourself
తీసుకువెళ్ళండి,Carry it.
స్పష్టమైన,Clear
సోదరుడు,Brother
విషయం,Subject
చనిపోయాడు,Dead
చిత్రం,Image
నక్షత్రం,Star
ఖరీదు,Cost
కేవలం,Just
పోస్ట్,Post
సమాజం,Society
చిత్రం,Image
ముక్క,Piece
కాగితం,Paper
శక్తి,Power
వ్యక్తిగత,Personal
కట్టడం,Building
సైనిక,Military
తెరవండి,Open
వైద్యుడు,Doctor
కార్యాచరణ,Activity
సరిగ్గా,Exactly
అమెరికన్,American
మీడియా,Media
మిస్,Miss
సాక్ష్యం,Evidence
ఉత్పత్తి,Product
గ్రహించండి,Understand
సేవ్,Save
చేయి,Hand
సాంకేతికం,Technology
క్యాచ్,Catch
వ్యాఖ్య,Comment
చూడు,Look
పదం,Word
రంగు,Color
కవర్,Cover
వర్ణించండి,Describe
అంచనా,Estimate
ఎంపిక,Choice
మూలం,Source
అమ్మ,Mom
త్వరలో,Soon
దర్శకుడు,Director
అంతర్జాతీయ,International
పాలన,Governance
ప్రచారం,Campaign
నేల,Soil
ఎన్నికల,Election
ముఖం,Face
ఊ,Uh
తనిఖీ,Check
పేజీ,Page
పోరాడు,Fight
స్వయంగా,Himself
పరీక్ష,Test
రోగి,Patient
ఉత్పత్తి,Product
ఖచ్చితంగా,Sure
ఏదో ఒకటి,Something
సగం,Half
వీడియో,Video
మద్దతు,Support
త్రో,Throw
మూడవది,Third
శ్రమ,Labor
విశ్రాంతి,Rest
ఇటీవలి,Recent
అందుబాటులో,Available
అడుగు,Step
సిద్ధంగా,Ready
అవకాశం,Opportunity
అధికారిక,Official
నూనె,Oil
కాల్ చేయండి,Call
సంస్థ,Organization
పాత్ర,Character
సింగిల్,Single
ప్రస్తుత,Current
అవకాశం,Opportunity
కౌంటీ,County
భవిష్యత్తు,Future
నాన్న,Dad
ఎవరిది,Whose?
తక్కువ,Low
షూట్,Shoot
పరిశ్రమ,Industry
రెండవ,Second
జాబితా,List
సాధారణ,Simple
విషయం,Subject
బొమ్మ,Doll
శ్రద్ధ,Attention
మర్చిపోతారు,They forget.
ప్రమాదం,Danger
సంఖ్య,Number
దృష్టి,Vision
పొట్టి,Short
అగ్ని,Fire
కుక్క,Dog
ఎరుపు,Red
జుట్టు,Hair
పాయింట్,Point
పరిస్థితి,Situation
గోడ,Wall
కూతురు,Daughter
ముందు,Before
ఒప్పందం,Agreement
రచయిత,Author
నిజం,Truth
మీద,On
భర్త,Husband
కాలం,Period
సిరీస్,Series
ఆర్డర్,Order
అధికారి,Officer
దగ్గరగా,Close
భూమి,Earth
గమనిక,Note
కంప్యూటర్,Computer
అనుకున్నాడు,He thought
ఆర్థిక వ్యవస్థ,Economy
లక్ష్యం,Goal
బ్యాంకు,Bank
ప్రవర్తన,Behavior
ధ్వని,Sound
ఒప్పందం,Agreement
ఖచ్చితంగా,Sure
దాదాపు,Almost
పెంచు,Increase
చట్టం,Law
ఉత్తరం,North
బాగా,Well
రక్తం,Blood
సంస్కృతి,Culture
వైద్య,Medical
అలాగే,Also
అందరూ,Everyone
టాప్,Top
కష్టం,Difficult
దగ్గరగా,Close
భాష,Language
కిటికీ,Window
ప్రతిస్పందన,Response
జనాభా,Population
అబద్ధం,Lie
చెట్టు,Tree
పార్క్,Park
కార్మికుడు,Worker
డ్రా,Draw
ప్రణాళిక,Plan
డ్రాప్,Drop
పుష్,Push
భూమి,Earth
కారణం,Reason
ప్రతి,Every
ప్రైవేట్,Private
ఈరాత్రి,Tonight
జాతి,Race
కంటే,Than
లేఖ,Letter
ఇతర,Other
తుపాకీ,Gun
సాధారణ,Simple
కోర్సు,Course
ఆశ్చర్యం,Surprise
ప్రమేయం,Involvement
నరకం,Hell
పేదవాడు,Poor man
ప్రతి,Every
సమాధానం,Answer
ప్రకృతి,Nature
పరిపాలన,Administration
సాధారణ,Simple
సంఖ్య,Number
కష్టం,Difficult
సందేశం,Message
పాట,Song
ఆనందించండి,Enjoy
ఇలాంటి,Similar
సమావేశం,Meeting
దాడి,Attack
గత,Past
వేడి,Heat
కోరుకుంటారు,Want
మొత్తం,Total
విశ్లేషణ,Analysis
స్టోర్,Store
రక్షణ,Protection
బిల్లు,Bill
ఇష్టం,Like
సెల్,Cell
దూరంగా,Away
పనితీరు,Performance
ఆసుపత్రి,Hospital
మం చం,Bed
బోర్డు,Board
రక్షించడానికి,To protect
శతాబ్దం,Century
వేసవి,Summer
పదార్థం,Material
వ్యక్తిగత,Personal
ఇటీవల,Recently
ఉదాహరణ,Example
ప్రాతినిధ్యం వహిస్తాయి,Represent
నింపండి,Fill in
రాష్ట్రం,State
స్థలం,Place
జంతువు,Animal
విఫలం,Fail
కారకం,Factor
సహజ,Natural
సార్,Sir
ఏజెన్సీ,Agency
సాధారణంగా,Usually
ముఖ్యమైనది,Important
సహాయం,Help
సామర్థ్యం,Ability
మైలు,Mile
ప్రకటన,Advertisement
మొత్తం,Total
ప్రజాస్వామ్యవాది,Democrat
అంతస్తు,Floor
తీవ్రమైన,Serious
వృత్తి,Career
డాలర్,Dollar
ఓటు,Vote
సెక్స్,Sex
సరిపోల్చండి,Compare
దక్షిణ,South
ముందుకు,Forward
విషయం,Subject
ఆర్థిక,Finance
గుర్తించండి,Identify
అందమైన,Beautiful
దశాబ్దం,Decade
బిట్,Bit
తగ్గించండి,Reduce
సోదరి,Sister
నాణ్యత,Quality
త్వరగా,Quickly
చట్టం,Law
నొక్కండి,Press
ఆందోళన,Anxiety
అంగీకరించు,Accept
ఎంటర్,Enter
ప్రస్తావన,Reference
ధ్వని,Sound
ఈ విధంగా,In this way
మొక్క,Plant
ఉద్యమం,Movement
దృశ్యం,Scenery
విభాగం,Section
చికిత్స,Treatment
కోరిక,Desire
ప్రయోజనం,Benefit
ఆసక్తికరమైన,Interesting
పడమర,West
అభ్యర్థి,Candidate
విధానం,Method
గుర్తించడానికి,To identify
వనరు,Resource
దావా,Claim
సమాధానం,Answer
నిరూపించండి,Prove it.
క్రమబద్ధీకరించు,Sort
చాలు,Enough
పరిమాణం,Size
ఎవరైనా,Someone
జ్ఞానం,Knowledge
కాకుండా,Apart from
వేలాడదీయండి,Hang it.
క్రీడ,Sport
టీవీ,TV
నష్టం,Loss
వాదిస్తారు,Argue
వదిలేశారు,Left behind
గమనిక,Note
సమావేశం,Meeting
నైపుణ్యం,Skill
కార్డు,Card
భావన,Concept
ఉన్నప్పటికీ,Although
డిగ్రీ,Degree
నేరం,Crime
అని,That
సంకేతం,Sign
సంభవిస్తాయి,Occur
ఊహించుకోండి,Imagine
ఓటు,Vote
సమీపంలో,Nearby
రాజు,King
పెట్టె,Box
ప్రస్తుతం,Currently
బొమ్మ,Doll
ఏడు,Seven
విదేశీ,Foreign
నవ్వు,Laughter
వ్యాధి,Disease
స్త్రీ,Woman
దాటి,Beyond
చర్చించండి,Discuss
పూర్తి,Complete
రూపకల్పన,Design
ఆందోళన,Anxiety
బంతి,Ball
తూర్పు,East
గుర్తించండి,Identify
దరఖాస్తు,Application
సిద్ధం,Prepare
నెట్వర్క్,Network
భారీ,Huge
విజయం,Success
జిల్లా,District
కప్పు,Cup
పేరు,Name
భౌతిక,Physical
వృద్ధి,Growth
పెరుగుతాయి,Grow
హాయ్,Hi
ప్రమాణం,Standard
బలవంతం,Force
సంకేతం,Sign
అభిమాని,Fan
సిద్ధాంతం,Theory
సిబ్బంది,Staff
బాధించింది,Hurt
చట్టపరమైన,Legal
సెప్టెంబర్,September
సెట్,Set
బయట,Outside
et,and
వ్యూహం,Strategy
స్పష్టంగా,Clearly
ఆస్తి,Property
లే,Lay
చివరి,Last
అధికారం,Authority
పరిపూర్ణమైనది,Perfect
పద్ధతి,Method
ప్రాంతం,Area
నుండి,From
ప్రభావం,Effect
సూచిస్తాయి,indicate
సురక్షితం,Safe
కమిటీ,Committee
అనుకున్నారు,Thought
కల,Dream
శిక్షణ,Training
ఒంటి,Shit
కేంద్ర,Central
ఎంపిక,Choice
ఎనిమిది,Eight
ముఖ్యంగా,Especially
పూర్తిగా,Completely
అభిప్రాయం,Feedback
ప్రధాన,Main
పది,Ten
ఇంటర్వ్యూ,Interview
ఉనికిలో ఉన్నాయి,Exist
తొలగించు,Delete
చీకటి,Darkness
ఆడండి,Play
యూనియన్,Union
ప్రొఫెసర్,Professor
ఒత్తిడి,Stress
ప్రయోజనం,Benefit
వేదిక,Platform
నీలం,Blue
ఆమె,She
సూర్యుడు,Sun
నొప్పి,Pain
కళాకారుడు,Artist
ఉద్యోగి,Employee
నివారించండి,Avoid
ఖాతా,Account
విడుదల,Release
నిధి,Treasure
పర్యావరణం,Environment
చికిత్స,Treatment
నిర్దిష్ట,Specific
సంస్కరణ: Telugu,Version: Telugu
కాల్చారు,Shot
ద్వేషించు,Hate
వాస్తవికత,Reality
సందర్శించండి,Visit
క్లబ్,Club
న్యాయం,Justice
నది,River
మె ద డు,Brain
జ్ఞాపకశక్తి,Memory
శిల,Rock
మాట్లాడండి,Speak.
కెమెరా,Camera
ప్రపంచ,World
వివిధ,Various
చేరుకుంటారు,Will arrive
నోటీసు,Notice
బిట్,Bit
వివరాలు,Details
సవాలు,Challenge
వాదన,Argument
చాలా,Very
ఎవరూ,Nobody
ఆయుధం,Weapon
ఉత్తమమైనది,The best
స్టేషన్,Station
ద్వీపం,Island
ఖచ్చితంగా,Sure
బదులుగా,Instead
చర్చ,Discussion
బదులుగా,Instead
ప్రభావితం చేస్తాయి,Affect
రూపకల్పన,Design
కొద్దిగా,A little
ఏమైనప్పటికీ,Anyway
స్పందించండి,Respond
నియంత్రణ,Control
ఇబ్బంది,Trouble
సంభాషణ,Conversation
నిర్వహించడానికి,To manage
దగ్గరగా,Close
తేదీ,Date
ప్రజా,Public
సైన్యం,Army
టాప్,Top
పోస్ట్,Post
ఆరోపణ,Accusation
సీటు,Seat
ఊహిస్తారు,Guess
రచయిత,Author
నిర్వహిస్తారు,Organized
క్రెడిట్,Credit
ఆకుపచ్చ,Green
వివాహం,Marriage
ఆపరేషన్,Operation
నిజానికి,Actually
నిద్ర,Sleep
అవసరమైన,Necessary
బహిర్గతం,Disclosure
ఏజెంట్,Agent
యాక్సెస్,Access
బార్,Bar
చర్చ,Discussion
కాలు,Leg
కలిగి,Have
కొట్టారు,Beaten
చల్లని,Cold
ప్రజాస్వామికమైనది,Democratic
చల్లని,Cold
గాజు,Glass
మెరుగు,Improvement
పెద్దలు,Adults
వాణిజ్యం,Trade
మతపరమైన,Religious
తల,Head
సమీక్ష,Review
రకం,Type
చిరునామా,Address
సంఘం,Community
కొలత,Measurement
స్టాక్,Stock
వాయువు,Gas
లోతైన,Deep
న్యాయవాది,Lawyer
ఉత్పత్తి,Product
సంబంధం,Relationship
మధ్య,Middle
నిర్వహణ,Management
అసలు,Original
బాధితుడు,Victim
క్యాన్సర్,Cancer
ప్రసంగం,Speech
ప్రత్యేకంగా,Especially
విచారణ,Inquiry
ఏదీ లేదు,None
అంశం,Item
బరువు,Weight
రేపు,Tomorrow
అడుగు,Step
అనుకూల,Pro
రూపం,Form
పౌరుడు,Citizen
చదువు,Education
యాత్ర,Journey
ఏర్పాటు,Arrangement
కార్యనిర్వాహకుడు,Executive
రాజకీయాలు,Politics
కర్ర,Stick
కస్టమర్,Customer
నిర్వాహకుడు,Administrator
కాకుండా,Apart from
ప్రచురించండి,Publish
జనాదరణ పొందినది,Popular
పాడతారు,Sing
ముందుకు,Forward
సమావేశం,Meeting
మొత్తం,Total
కనుగొనండి,Find
వేగంగా,Fast
బేస్,Base
దిశ,Direction
ఆదివారం,Sunday
నిర్వహించండి,Manage
గత,Past
మెజారిటీ,Majority
శాంతి,Peace
విందు,Dinner
భాగస్వామి,Partner
వినియోగదారు,User
పైన,Above
ఎగురు,Fly
సంచి,Bag
అందువలన,Therefore
ధనవంతుడు,Rich man
వ్యక్తిగత,Personal
కఠినమైన,Tough
యజమాని,Owner
తప్పక,Must
లోపల,Inside
ఓటరు,Voter
సాధనం,Tool
జూన్,June
దురముగా,Far away
మే,May
పర్వతం,Mountain
పరిధి,Range
రైలు పెట్టె,Train carriage
భయం,Fear
శుక్రవారం,Friday
న్యాయవాది,Lawyer
తప్ప,Except
లేదా,Or
నిపుణుడు,Expert
నిర్మాణం,Structure
బడ్జెట్,Budget
భీమా,Insurance
వచనం,Text
స్వేచ్ఛ,Freedom
వెర్రి,Crazy
పాఠకుడు,Reader
శైలి,Style
ద్వారా,By
మార్చ్,March
యంత్రం,Machine
నవంబర్,November
తరం,Generation
ఆదాయం,Income
పుట్టింది,Born
ఒప్పుకుంటారు,Agree
హలో,Hello
మీద,On
సముద్రం,Sea
సరే,Okay
నోరు,Mouth
అంతటా,Throughout
స్వంతం,Own
పరీక్ష,Test
వెబ్,Web
వణుకు,Tremor
బెదిరింపు,Threat
పరిష్కారం,Solution
మూసి,Close
క్రిందికి,Down
ప్రయాణం,Travel
శాస్త్రవేత్త,Scientist
దాచు,Hide
స్పష్టంగా,Clearly
సూచించండి,Suggest
ఒంటరిగా,Alone
త్రాగండి,Drink.
విచారణ,Inquiry
సెనేటర్,Senator
యూనిట్,Unit
ఫోటో,Photo
జూలై,July
టెలివిజన్,Television
కీ,Key
లైంగిక,Sexual
రేడియో,Radio
నిరోధిస్తాయి,Prevent
ఒకసారి,Once
ఆధునిక,Modern
సెనేట్,Senate
హింస,Violence
స్పర్శ,Touch
లక్షణం,Characteristic
ప్రేక్షకులు,Audience
సాయంత్రం,Evening
ఎవరిని,Whom
ముందు,Before
హాలు,Hall
పని,Work
స్కోర్,Score
చర్మం,Skin
బాధపడతారు,Will suffer
విస్తృత,Wide
వసంత,Spring
అనుభవం,Experience
పౌర,Civil
భద్రత,Security
వారాంతం,Weekend
అయితే,However
విలువ,Value
శీర్షిక,Title
వేడి,Heat
సాధారణ,Simple
ఆశిస్తున్నాము,Hope
యార్డ్,Yard
వేలు,Finger
మొగ్గు,Inclination
మిషన్,Mission
చివరికి,Finally
పాల్గొనేవాడు,Participant
హోటల్,Hotel
న్యాయమూర్తి,Judge
నమూనా,Sample
బ్రేక్,Break
సంస్థ,Organization
విశ్వాసం,Faith
వృత్తిపరమైన,Professional
ప్రతిబింబిస్తాయి,Reflect
జానపద,Folklore
ఉపరితల,Surface
పతనం,Fall
క్లయింట్,Client
అంచు,Edge
సంప్రదాయకమైన,Traditional
కౌన్సిల్,Council
పరికరం,Device
దృఢమైన,Strong
పర్యావరణ,Environment
బాధ్యత,Responsibility
కుర్చీ,Chair
అంతర్జాలం,Internet
అక్టోబర్,October
ద్వారా,By
తమాషా,Funny
తక్షణమే,Immediately
పెట్టుబడి,Investment
ఓడ,Ship
సమర్థవంతమైన,Efficient
మునుపటి,Previous
విషయము,Content
వినియోగదారుడు,Customer
మూలకం,Element
అణు,Nuclear
ఆత్మ,Spirit
నేరుగా,Directly
భయపడటం,Fear
నిర్వచించండి,Define
హ్యాండిల్,Handle
ట్రాక్,Track
పరుగు,Running
గాలి,Wind
లేకపోవడం,Absence
ఖరీదు,Cost
ప్రకటించండి,Announce
పత్రిక,Magazine
భారీ,Huge
మంచు,Snow
సేకరణ,Collection
ఫీడ్,Feed
సైనికుడు,Soldier
కేవలం,Just
గవర్నర్,Governor
చేప,Fish
భుజం,Shoulder
సాంస్కృతిక,Cultural
విజయవంతమైంది,Successful
న్యాయమైన,Fair
నమ్మకం,Trust
అకస్మాత్తుగా,Suddenly
భవిష్యత్తు,Future
ఆసక్తి,Interest
బట్వాడా,Deliver
శనివారం,Saturday
సంపాదకుడు,Editor
తాజా,Latest
ఎవరైనా,Someone
నాశనం,Destroy
దావా,Claim
క్లిష్టమైన,Complex
ఒప్పందం,Agreement
శక్తివంతమైన,Powerful
పరిశోధకుడు,Researcher
భావన,Concept
సిద్ధమయ్యారు,Ready
బ్యాండ్,Band
పెళ్లి చేసుకుంటారు,They will get married.
వాగ్దానం,Promise
సులభంగా,Easily
రెస్టారెంట్,Restaurant
లీగ్,League
సీనియర్,Senior
రాజధాని,Capital
ఇకపై,No more
ఏప్రిల్,April
సంభావ్య,Potential
మొదలైనవి,etc.
శీఘ్ర,Quick
పత్రిక,Magazine
హోదా,Status
హాజరు,Attendance
భర్తీ చేయండి,Replace
బకాయి,Due
కొండ,Hill
వంటగది,Kitchen
సాధిస్తారు,Will achieve
తెర,Screen
సాధారణంగా,Usually
పొరపాటు,Mistake
పాటు,Along
సమ్మె,Strike
యుద్ధం,War
స్పాట్,Spot
ప్రాథమిక,Basic
చాలా,Very
మూలలో,In the corner
లక్ష్యం,Goal
డ్రైవర్,Driver
ప్రారంభం,Start
మతం,Religion
సంక్షోభం,Crisis
లెక్కించు,Calculate
మ్యూజియం,Museum
నిమగ్నమై,Engaged
కమ్యూనికేషన్,Communication
హత్య,Murder
దెబ్బ,Blow
వస్తువు,Object
ఎక్స్ప్రెస్,Express
హుహ్,Huh
ప్రోత్సహిస్తాయి,Encourage
విషయం,Subject
బ్లాగు,Blog
చిరునవ్వు,Smile
తిరిగి,Back
నమ్మకం,Trust
నిరోధించు,Block
అప్పు,Debt
అగ్ని,Fire
శ్రమ,Labor
అవగాహన,Awareness
పొరుగు,Neighbor
ఒప్పందం,Agreement
మధ్య,Middle
జాతులు,Species
అదనపు,Extra
నమూనా,Sample
చేరి,Joined
లోపల,Inside
ఎక్కువగా,Mostly
మార్గం,Way
సంబంధిత,Related
ఆపిల్,Apple
ప్రవర్తన,Behavior
దేవుడు,God
అద్భుతమైన,Excellent
గ్రంధాలయం,Library
జైలు,Prison
రంధ్రం,Hole
ప్రయత్నం,Effort
పూర్తి,Complete
కోడ్,Code
అమ్మకాలు,Sales
బహుమతి,Gift
తిరస్కరిస్తారు,Reject
పెంచు,Increase
తోట,Garden
పరిచయం,Introduction
రోల్,Roll
క్రైస్తవుడు,Christian
ఖచ్చితంగా,Sure
ఇష్టం,Like
సరస్సు,Lake
మలుపు,Turn
ఖచ్చితంగా,Sure
సంపాదిస్తారు,Earn
విమానం,Airplane
వాహనం,Vehicle
పరిశీలించండి,Check it out.
అప్లికేషన్,Application
వెయ్యి,Thousand
కాఫీ,Coffee
లాభం,Profit
ఫలితం,Result
ఫైల్,File
బిలియన్,Billion
సంస్కరణ,Reform
పట్టించుకోకుండా,Regardless
స్వాగతం,Welcome
బంగారం,Gold
ఎగిరి దుముకు,Jump
గ్రహం,Planet
స్థానం,Location
పక్షి,Bird
అద్భుతమైన,Excellent
సూత్రం,Principle
ప్రచారం చేయండి,Promote
వెతకండి,Search
తొమ్మిది,Nine
సజీవంగా,Alive
అవకాశం,Opportunity
ఆకాశం,Sky
లేకుంటే,Otherwise
గుర్తు చేయండి,Remind
ఆరోగ్యకరమైన,Healthy
సరిపోయింది,Enough.
గుర్రం,Horse
ప్రయోజనం,Benefit
వాణిజ్య,Commercial
దొంగతనం చేస్తారు,They steal.
ఆధారంగా,Based on
సందర్భం,Context
అత్యంత,Most
క్రిస్మస్,Christmas
బలం,Strength
కదలిక,Movement
సోమవారం,Monday
అర్థం,Meaning
ఒంటరిగా,Alone
బీచ్,Beach
సర్వే,Survey
రాయడం,Writing
మాస్టర్,Master
ఏడుస్తారు,Crying
స్థాయి,Level
నివాసి,Resident
ఫుట్బాల్,Football
తీపి,Sweet
వైఫల్యం,Failure
రిపోర్టర్,Reporter
కట్టుబడి,Committed
పోరాడు,Fight
ఒకటి,One
సహచరుడు,Companion
దృష్టి,Vision
ఫంక్షన్,Function
నిజంగా,Really
అనారోగ్యం,Illness
సగటు,Average
మానవుడు,Human
తెలివితక్కువ,Stupid
రెడీ,Ready
చైనీస్,Chinese
కనెక్షన్,Connection
శిబిరం,Camp
రాయి,Stone
వంద,One hundred
కీ,Key
ట్రక్,Truck
మధ్యాహ్నం,Afternoon
బాధ్యత,Responsibility
కార్యదర్శి,Secretary
స్పష్టంగా,Clearly
తెలివైన,Intelligent
దక్షిణాది,Southern
పూర్తిగా,Completely
పశ్చిమ,West
సేకరించండి,Collect
సంఘర్షణ,Conflict
కాల్చండి,Bake
నేర్చుకోవడం,Learning
మేల్కొలపండి,Wake up.
సహకరించండి,Collaborate
రైడ్,Ride
బ్రిటిష్,British
అనుసరించడం,Following
ఆర్డర్,Order
వాటా,Share
వార్తాపత్రిక,Newspaper
పునాది,Foundation
వివిధ,Various
దృష్టికోణం,Perspective
పత్రం,Document
ఉనికిని,Presence
తదేకంగా చూడు,Stare.
పాఠం,Lesson
పరిమితి,Limit
అభినందిస్తున్నాము,Congratulations
పూర్తి,Complete
గమనించండి,Note
ప్రస్తుతం,Currently
వంద,One hundred
సరదాగా,Fun
గుంపు,Group
దాడి,Attack
అపార్ట్మెంట్,Apartment
జీవించి,Alive
అతిథి,Guest
ఆత్మ,Spirit
రక్షణ,Protection
తెలివితేటలు,Intelligence
నిన్న,Yesterday
ఎక్కడో,Somewhere
సరిహద్దు,Border
చదవడం,Reading
నిబంధనలు,Terms
నాయకత్వం,Leadership
ప్రస్తుతం,Currently
అధినేత,Leader
వైఖరి,Attitude
ప్రారంభించండి,Get started
అమ్మో,"Oh, yes."
తిరస్కరించు,Reject
వెబ్సైట్,Website
తీవ్రంగా,Seriously
అసలు,Original
రీకాల్,Recall
పరిష్కరించండి,Solve
ప్రతికూల,Negative
కనెక్ట్ చేయండి,Connect
దూరం,Distance
సాధారణ,Simple
వాతావరణం,Weather
సంబంధం,Relationship
విమానము,Airplane
ప్రమాదకరమైన,Dangerous
పడవ,Boat
అంశం,Item
పట్టుకో,Hold on.
వరకు,Until
ఇష్టమైన,Favorite
ఇష్టం,Like
జనవరి,January
స్వతంత్ర,Independent
వాల్యూమ్,Volume
ఉదయం,Morning
చాలా,Very
ముందు,Before
ఆన్లైన్,Online
థియేటర్,Theater
వేగం,Speed
తెలుసు,Know
గుర్తింపు,Identification
డిమాండ్,Demand
అదనపు,Extra
ఆరోపణ,Accusation
కాపలా,Guard
ప్రదర్శించండి,Showcase
పూర్తిగా,Completely
మంగళవారం,Tuesday
సౌకర్యం,Facility
పొలం,Farm
మనసు,Mind
సరదాగా,Fun
వెయ్యి,Thousand
ఆగస్టు,August
కిరాయి,Hire
కాంతి,Light
లింక్,Link
షూ,Shoe
ఇన్స్టిట్యూట్,Institute
క్రింద,Below
జీవించి ఉన్న,Living
యూరోపియన్,European
త్రైమాసికం,Quarter
ప్రాథమికంగా,Basically
అడవి,Forest
బహుళ,Multiple
ఎన్నికలో,In the election
అడవి,Forest
కొలత,Measurement
రెండుసార్లు,Twice
క్రాస్,Cross
నేపథ్య,Background
స్థిరపడతాయి,Will settle down
చలికాలం,Winter
దృష్టి,Vision
రాష్ట్రపతి,President
పనిచేస్తాయి,Work
ఫక్,Fuck
వీక్షణ,View
రోజువారీ,Daily
అంగడి,Shop
పైన,Above
విభజన,Division
నెమ్మదిగా,Slowly
సలహా,Advice
స్పందన,Response
గాయం,Injury
అది,That
టిక్కెట్టు,Ticket
గ్రేడ్,Grade
వావ్,Wow
పుట్టిన,Birth
పెయింటింగ్,Painting
ఫలితం,Result
శత్రువు,Enemy
నష్టం,Loss
ఉండటం,Being
తుఫాను,Storm
ఆకారం,Shape
గిన్నె,Bowl
కమిషన్,Commission
కెప్టెన్,Captain
చెవి,Ear
దళం,Troop
స్త్రీ,Woman
చెక్క,Wood
వెచ్చని,Warm
శుభ్రంగా,Clean
దారి,Path
మంత్రి,Minister
పొరుగు,Neighbor
చిన్న,Small
మానసిక,Mental
సాఫ్ట్వేర్,Software
సంతోషం,Happiness
కనుగొనడం,Finding
ప్రభువు,Lord
డ్రైవ్,Drive
ఉష్ణోగ్రత,Temperature
నిశ్శబ్దంగా,Quietly
వ్యాప్తి,Spread
ప్రకాశవంతమైన,Bright
కట్,Cut
పలుకుబడి,Reputation
తన్నండి,Kick
వార్షిక,Annual
ప్రక్రియ,Process
గౌరవం,Respect
అల,Wave
సంప్రదాయం,Tradition
బెదిరించే,Threatening
ప్రాథమిక,Basic
వింత,Strange
నటుడు,Actor
నిందిస్తారు,Blame
చురుకుగా,Active
పిల్లి,Cat
ఆధారపడి ఉంటాయి,Depends
బస్సు,Bus
బట్టలు,Clothes
వ్యవహారం,Affair
సంప్రదించండి,Contact
వర్గం,Category
అంశం,Item
విజయం,Success
ప్రత్యక్షంగా,Directly
వైపు,Side
పటం,Map
గుడ్డు,Egg
నిర్ధారించడానికి,To confirm
సాధారణ,Simple
వ్యక్తీకరణ,Expression
గత,Past
సెషన్,Session
పోటీ,Competition
బహుశా,Maybe
సాంకేతికత,Technology
నాది,Mine
సగటు,Average
ఉద్దేశ్యము,Purpose
అసాధ్యం,Impossible
నైతిక,Moral
విద్యాసంబంధమైన,Academic
వైన్,Wine
విధానం,Method
ఎలాగోలా,Somehow
సేకరించండి,Collect
శాస్త్రీయ,Scientific
ఆఫ్రికన్,African
ఉడికించాలి,Cook
పాల్గొంటారు,Participate
స్వలింగ సంపర్కుడు,Homosexual
తగిన,Suitable
యువత,Youth
దుస్తులు,Clothing
నేరుగా,Directly
వాతావరణం,Weather
సిఫార్సు,Recommendation
మందు,Medicine
నవల,Novel
స్పష్టమైన,Clear
గురువారం,Thursday
మార్పిడి,Exchange
అన్వేషించండి,Explore
విస్తరించు,Expand
బే,Bay
ఆహ్వానించండి,Invite
టై,Tie
ఆహ్,Ah
చెందినవి,Belonging
పొందటానికి,To obtain
విస్తృత,Wide
ముగింపు,Conclusion
పురోగతి,Progress
ఆశ్చర్యం,Surprise
అంచనా,Estimate
చిరునవ్వు,Smile
లక్షణం,Characteristic
నగదు,Cash
రక్షించు,Protect
పౌండ్,Pound
సరైన,Correct
పెళ్లయింది,Married
జత,Pair
కొద్దిగా,A little
ఋణం,Loan
గ్రామం,Village
సగం,Half
దావా,Claim
డిమాండ్,Demand
చారిత్రక,Historical
అర్థం,Meaning
ప్రయత్నం,Effort
సరఫరా,Supply
ఎత్తండి,Lift
మనమే,Ourselves
తేనె,Honey
ఎముక,Bone
పర్యవసానంగా,As a result
ఏకైక,Unique
తరువాత,Later
నియంత్రణ,Control
అవార్డు,Award
దిగువన,At the bottom
మన్నించు,Forgive me.
తెలిసిన,Known
తరగతి గది,Classroom
వెతకండి,Search
సూచన,Reference
ఉద్భవిస్తాయి,Emerge
పొడవు,Length
మధ్యాహ్న భోజనం,Lunch
న్యాయమూర్తి,Judge
ప్రకటన,Advertisement
కోరిక,Desire
సూచన,Reference
అత్యవసర,Emergency
ఆలోచిస్తున్నాను,Thinking
పర్యటన,Tour
ఫ్రెంచ్,French
కలపండి,Mix
చంద్రుడు,Moon
విచారంగా,Sad
చిరునామా,Address
డిసెంబర్,December
ఎక్కడైనా,Anywhere
చికెన్,Chicken
ఇంధనం,Fuel
రైలు,Train
తిట్టు,Damn it.
నిర్మాణం,Structure
బుధవారం,Wednesday
లింక్,Link
అర్హులు,Eligible
ప్రసిద్ధి,Famous
జోక్యం,Intervention
గొప్ప,Great
సందర్శించండి,Visit
నిర్ధారించండి,Confirm
అదృష్ట,Lucky
పట్టుబట్టుతారు,Insist
తీరం,Coast
గర్వంగా ఉంది,Proud
కవర్,Cover
నాల్గవది,Fourth
పోలీసు,Police
కోపం,Anger
స్థానికుడు,Native
అత్యున్నతమైనది,Supreme
బేస్బాల్,Baseball
కాని,But
ఇమెయిల్,Email
ప్రమాదం,Danger
ముందు,Before
విధి,Fate
పెరుగుతున్నాయి,Growing
పోరాటం,Fight
ఆదాయం,Income
విస్తరించండి,Expand
అధినేత,Leader
ప్రయోగ,Launch
ధోరణి,Trend
రింగ్,Ring
పునరావృతం,Repetition
ఊపిరి,Breath
అంగుళం,Inch
మెడ,Neck
కోర్,Core
భయంకరమైన,Terrible
బిలియన్,Billion
సాపేక్షంగా,Relatively
క్లిష్టమైన,Complex
నొక్కండి,Press
మిస్,Miss
నెమ్మదిగా,Slowly
మృదువైన,Soft
ఉత్పత్తి,Product
అత్యంత,Most
చివరి,Last
త్రాగండి,Drink.
ఎప్పటికీ,Forever
కార్పొరేట్,Corporate
లోతైన,Deep
ఇష్టపడతారు,Like
తప్ప,Except
చౌక,Cheap
సాహిత్యం,Literature
ప్రత్యక్షంగా,Directly
మేయర్,Mayor
పురుషుడు,Male
ప్రాముఖ్యత,Importance
రికార్డు,Record
ప్రమాదం,Danger
భావోద్వేగ,Emotional
మోకాలి,Knee
గాడిద,Donkey
పట్టుకోవడం,Holding
ట్రాఫిక్,Traffic
ఫకింగ్,Fucking
బయట,Outside
ఇప్పుడు,Now
రైలు,Train
ప్లేట్,Plate
పరికరాలు,Equipment
ఎంచుకోండి,Choose
ఫైల్,File
స్టూడియో,Studio
ఖరీదైన,Expensive
రహస్య,Secret
ఇంజిన్,Engine
స్వీకరించు,Receive
అదృష్టం,Good luck
ద్వారా,By
సాయంత్రం,Evening
ప్యానెల్,Panel
హీరో,Hero
వృత్తం,Circle
విమర్శకుడు,Critic
పరిష్కరించండి,Solve
బిజీగా,Busy
ఎపిసోడ్,Episode
తిరిగి,Back
తనిఖీ,Check
అవసరం,Need
రాజకీయ నాయకుడు,Politician
వర్షం,Rain
సహోద్యోగి,Colleague
అదృశ్యమవడం,Disappearance
బీరు,Beer
అంచనా వేయండి,Estimate
వ్యాయామం,Exercise
అలసిన,Tired
ప్రజాస్వామ్యం,Democracy
చివరికి,Finally
అమరిక,Arrangement
గౌరవం,Respect
పనిచేస్తుంది,Works
దురదృష్టవశాత్తు,Unfortunately
థీమ్,Theme
సమస్య,Problem
పురుషుడు,Male
శుభ్రంగా,Clean
ఏకమయ్యారు,United
కొలను,Pool
విద్యాసంబంధమైన,Academic
ఖాళీ,Empty
సౌకర్యవంతమైన,Comfortable
దర్యాప్తు చేయండి,Investigate
ఉపయోగకరమైన,Useful
జేబులో,In the pocket
డిజిటల్,Digital
పుష్కలంగా,Plenty
పూర్తిగా,Completely
భయం,Fear
స్థోమత,Affordability
చక్కెర,Sugar
బోధన,Teaching
సంప్రదాయవాది,Conservative
చైర్మన్,Chairman
లోపం,Error
వంతెన,Bridge
పొడవు,Length
ప్రత్యేకంగా,Especially
పువ్వు,Flower
అయితే,However
విశ్వం,Universe
జీవించు,Live
గుర్తించండి,Identify
పరిమితి,Limit
కవరేజ్,Coverage
సిబ్బంది,Staff
గుర్తించండి,Identify
సంతులనం,Balance
సమానం,Equal
పెదవి,Lip
సన్నగా,Thin
జోన్,Zone
పెండ్లి,Wedding
కాపీ,Copy
స్కోర్,Score
తమాషా,Funny
ఉపయోగించబడిన,Used
స్పష్టమైన,Clear
ఎలుగుబంటి,Bear
భోజనం,Meal
సమీక్ష,Review
మైనారిటీ,Minority
దృష్టి,Vision
నిద్ర,Sleep
రష్యన్,Russian
దుస్తులు,Clothing
విడుదల,Release
సోవియట్,Soviet
లాభం,Profit
సవాలు,Challenge
జాగ్రత్తగా,Carefully
లింగం,Gender
టేప్,Tape
సముద్ర,Sea
గుర్తించబడలేదు,Not recognized
హోస్ట్,Host
మంజూరు,Grant
పరిస్థితి,Situation
ఆలస్యం,Delay
బాస్,Boss
ప్రకటించండి,Announce
దేశీయ,Domestic
తేనీరు,Tea
నిర్వహించండి,Manage
ఆంగ్ల,English
ఏదీ కాదు,None
గాని,Either
అధికారిక,Official
చుట్టుముట్టండి,Surround
పద్ధతి,Method
ఆశ్చర్యపోయాడు,Surprised
శాతం,Percentage
భారీ,Huge
మేఘం,Cloud
విజేత,Winner
నిజాయితీ,Honesty
ప్రమాణం,Standard
ప్రతిపాదించండి,Propose
ఆధారపడతారు,Depends
అదనంగా,Additionally
వాక్యం,Sentence
అభ్యర్థన,Request
ప్రదర్శన,Display
సంబంధించి,Regarding
అద్భుతమైన,Excellent
నేరస్థుడు,Criminal
ఉ ప్పు,Salt
అందం,Beauty
సీసా,Bottle
భాగం,Part
కింద,Under
రుసుము,Fee
యూదు,Jewish
మీది,Yours
పొడి,Dry
నృత్యం,Dance
చొక్కా,Shirt
చిట్కా,Tip
ప్లాస్టిక్,Plastic
భారతీయుడు,Indian
గుర్తు,Sign
పంటి,Tooth
మాంసం,Meat
ఒత్తిడి,Stress
చట్టవిరుద్ధం,Illegal
గణనీయంగా,Significantly
ఫిబ్రవరి,February
రాజ్యాంగం,Constitution
నిర్వచనం,Definition
మామ,Uncle
మెటల్,Metal
ఆల్బమ్,Album
స్వీయ,Self
అనుకుందాం,Suppose
పెట్టుబడిదారుడు,Investor
పండు,Fruit
పవిత్ర,Holy
డెస్క్,Desk
తూర్పు,East
లోయ,Valley
ఎక్కువగా,Mostly
గర్భస్రావం,Miscarriage
అధ్యాయం,Chapter
నిబద్ధత,Commitment
జరుపుకుంటారు,Celebrate
అరెస్టు,Arrest
నృత్యం,Dance
ప్రధానమైనది,Main
నగరాల,Cities
అంతర్గత,Internal
ఇబ్బంది పెడతారు,They will cause trouble.
ప్రతిపాదన,Proposal
మార్పు,Change
సామర్థ్యం,Ability
దోషి,Guilty
హెచ్చరిస్తారు,Warn
పలుకుబడి,Reputation
బలహీనమైన,Weak
తప్ప,Except
కాథలిక్,Catholic
ముక్కు,Nose
వేరియబుల్,Variable
కన్వెన్షన్,Convention
జ్యూరీ,Jury
రూట్,Root
సంఘటన,Event
ఎక్కడం,Climbing
వినికిడి,Hearing
ప్రతిచోటా,Everywhere
చెల్లింపు,Payment
ఎలుగుబంటి,Bear
ముగించారు,Finished
అరుపు,Shout
శస్త్రచికిత్స,Surgery
నీడ,Shadow
సాక్షి,Witness
పెరుగుతున్న,Growing
ఛాతి,Chest
సవరణ,Edit
పెయింట్,Paint
రహస్య,Secret
ఫిర్యాదు,Complaint
మేరకు,To the extent
ఆనందం,Happiness
తలవంచండి,Bow your head.
సెలవు,Holiday
సూపర్,Super
ప్రతిభ,Talent
తప్పనిసరిగా,Definitely
ఉదారవాద,Liberal
నిరీక్షణ,Expectation
రైడ్,Ride
నిందిస్తారు,Blame
కొట్టు,Knock
గతంలో,In the past
రెక్క,Wing
కార్పొరేషన్,Corporation
రంగం,Sector
లావు,Fat
ప్రయోగం,Experiment
మ్యాచ్,Match
సన్నగా,Thin
రైతు,Farmer
అరుదైన,Rare
ఆంగ్ల,English
విశ్వాసం,Faith
గుత్తి,Bouquet
పందెం,Bet
ఉదహరించండి,Cite
ఉత్తరాది,North
స్పీకర్,Speaker
రొమ్ము,Breast
సహకారం,Collaboration
ఆకు,Leaf
సృజనాత్మక,Creative
పరస్పర చర్య,Interaction
టోపీ,Hat
సందేహం,Doubt
వాగ్దానం,Promise
కొనసాగించు,Continue
మొత్తం,Total
నర్సు,Nurse
ప్రశ్న,Question
దీర్ఘకాలిక,Long-term
జన్యువు,Gene
ప్యాకేజీ,Package
అసహజ,Unnatural
కష్టం,Difficult
అరుదుగా,Rarely
నాన్న,Dad
అంచనా,Estimate
జాబితా,List
యుగం,Era
వ్యాఖ్య,Comment
సహాయం,Help
vs,vs
పెట్టుబడి,Investment
వ్యక్తిగతంగా,Personally
భావన,Concept
వివరణ,Description
విమానాశ్రయం,Airport
గొలుసు,Chain
బహిర్గతం చేయండి,Reveal
తాళం వేయండి,Lock it.
ఒప్పించండి,Convince
ఛానెల్,Channel
జాగ్రత్తగా,Carefully
కన్నీరు,Tears
ఎస్టేట్,Estate
ప్రారంభ,Beginning
ఆఫర్,Offer
కొనుగోలు,Purchase
మార్గదర్శకుడు,Pioneer
ముందుకు,Forward
తన,His
బంధం,Bonding
పుట్టినరోజు,Birthday
ప్రయాణం,Travel
ప్రార్థించండి,Pray.
అభివృద్ధి,Development
ప్రాచీన,Ancient
తప్పక,Must
తప్పించుకుంటారు,Escape
కాలిబాట,Trail
గోధుమ రంగు,Brown
ఫ్యాషన్,Fashion
పొడవు,Length
షీట్,Sheet
నిధులు,Funds
మరోవైపు,On the other hand
తప్పు,Wrong
కేవలం,Just
తొలగించు,Delete
చలనం,Motion
అవసరమైన,Necessary
వేరుగా,Separately
కలయిక,Combination
పరిమితం,Limited
వివరణ,Description
కలపాలి,Mix
మంచు,Snow
అమలు,Execution
చక్కని,Nice
సరైన,Correct
భాగం,Part
మార్కెటింగ్,Marketing
ఆమోదించడానికి,To approve
ఇతర,Other
బాంబు,Bomb
స్లిప్,Slip
ప్రాంతీయ,Regional
లేకపోవడం,Absence
కండరము,Muscle
సంప్రదించండి,Contact
పెరుగుతాయి,Grow
తప్పు,Wrong
అవకాశం,Opportunity
సృష్టి,Creation
సాధారణంగా,Usually
ఖర్చు చేయడం,Spending
వాయిద్యం,Instrument
ద్రవ్యరాశి,Mass
దురముగా,Far away
మందపాటి,Thick
ముద్దు,Kiss
పెరిగింది,Increased
స్ఫూర్తినిస్తాయి,Inspiring
వేరు,Separate
శబ్దం,Noise
పసుపు,Yellow
లక్ష్యం,Goal
ఇ-మెయిల్,Email
చక్రం,Wheel
సిగ్నల్,Signal
అనువర్తనం,App
బంగారు,Gold
తిరస్కరించండి,Reject
తెలియజేయండి,Let me know.
అవగాహన,Awareness
సందర్శకుడు,Visitor
తారాగణం,Cast
విరుద్ధంగా,Contrary
తీర్పు,Verdict
అర్థం,Meaning
విశ్రాంతి,Rest
ప్రతినిధి,Representative
పాస్,Pass
పాలన,Governance
కేవలం,Just
నిర్మాత,Producer
అయ్యో,Oops
మార్గం,Way
అబద్ధం,Lie
సాధారణ,Simple
విశ్లేషకుడు,Analyst
ఖాతా,Account
ఎన్నుకోబడతారు,Will be elected
వాసన,Smell
స్త్రీ,Woman
జీవించి ఉన్న,Living
వైకల్యం,Disability
పోలిక,Comparison
చెయ్యి,Hand
రేటింగ్,Rating
క్యాంపస్,Campus
అంచనా వేయండి,Estimate
ఘనమైన,Solid
శాఖ,Branch
పిచ్చి,Madness
కొంతవరకు,To some extent
పెద్దమనిషి,Gentleman
వ్యతిరేకత,Opposition
వేగంగా,Fast
అనుమానితుడు,Suspect
భూమి,Earth
కొట్టుట,Beating
ప్రక్కన,Next to
క్రీడాకారుడు,Player
తెరవడం,Opening
ప్రార్థన,Prayer
తరచుగా,Often
ఉపాధి కల్పిస్తాయి,Provide employment
బాస్కెట్‌బాల్,Basketball
ఉనికిలో ఉంది,Exists
విప్లవం,Revolution
క్లిక్ చేయండి,Click
భావోద్వేగం,Emotion
ఫక్,Fuck
వేదిక,Platform
వెనుక,Back
ఫ్రేమ్,Frame
విజ్ఞప్తి,Appeal
కోట్,Quote
సంభావ్య,Potential
పోరాటం,Fight
బ్రాండ్,Brand
ప్రారంభించు,Start
శాసనం,Statute
అదనంగా,Additionally
ప్రయోగశాల,Laboratory
వ్యతిరేకించండి,Oppose
వరుస,Row
వలస వచ్చు,To migrate
ఆస్తి,Property
పరిశీలన,Observation
ఆన్లైన్,Online
రుచి,Taste
తగ్గుదల,Decrease
ఆకర్షిస్తాయి,Attract
హా,Haha
కోసం,For
గృహ,Household
వేరు,Separate
ఊపిరి పీల్చుకుంటారు,Breathe.
ఉనికి,Existence
అద్దం,Mirror
పైలట్,Pilot
నిలబడండి,Stand up.
ఉపశమనం,Relief
పాలు,Milk
హెచ్చరిక,Warning
స్వర్గం,Heaven
ప్రవాహం,Flow
అక్షరాలా,Literally
విడిచిపెట్టు,Leave
క్యాలరీ,Calorie
విత్తనం,Seed
విశాలమైనది,Spacious
బైక్,Bike
జర్మన్,German
యజమాని,Owner
లాగండి,Drag
సాంకేతిక,Technical
విపత్తు,Disaster
ప్రదర్శన,Display
అమ్మకం,Sale
బాత్రూమ్,Bathroom
విజయం సాధిస్తారు,Will succeed.
స్థిరమైన,Stable
ఎజెండా,Agenda
అమలు,Execution
ఆహారం,Food
గుర్తు,Sign
నిశ్శబ్దం,Silence
పాత్రికేయుడు,Journalist
బైబిల్,Bible
రాణి,Queen
విభజించు,Divide
ఖర్చు,Cost
క్రీమ్,Cream
బహిరంగపరచడం,Disclosure
ప్రాధాన్యత,Priority
నేల,Soil
దేవదూత,Angel
ప్రయాణం,Travel
నమ్మకం,Trust
సంబంధిత,Related
ట్యాంక్,Tank
జున్ను,Cheese
షెడ్యూల్,Schedule
పడకగది,Bedroom
స్వరం,Voice
ఎంపిక,Choice
తేదీ,Date
సంపూర్ణంగా,Perfectly
చక్రం,Wheel
అంతరం,Gap
అనుభవజ్ఞుడు,Experienced
క్రింద,Below
ఏకీభవించలేదు,Disagree
లక్షణం,Characteristic
ప్రోటీన్,Protein
స్పష్టత,Clarity
మొత్తం,Total
సంబంధించి,Regarding
తక్కువ,Low
ఇంజనీర్,Engineer
నడవండి,Walk
వంటకం,Recipe
వ్యర్థం,Waste
ముద్రణ,Printing
నిరాశ,Despair
వాసి,Dude
లావు,Fat
ప్రస్తుతం,Currently
ఎగువ,Upper
చుట్టు,Wrap
సియిఒ,CEO
దృశ్య,Visual
చొరవ,Initiative
హడావిడి,Rush
ద్వారం,Gate
నెమ్మదిగా,Slowly
ఎప్పుడైనా,Anytime
ప్రవేశం,Admission
జపనీస్,Japanese
బూడిద రంగు,Gray color
సహాయం,Help
ఎత్తు,Height
పోటీ చేస్తారు,Will compete
పాలన,Governance
బకాయి,Due
ముఖ్యంగా,Especially
ప్రయోజనం,Benefit
దశ,Step
సంప్రదాయవాది,Conservative
కోలుకుంటారు,Will recover.
విమర్శ,Criticism
అధ్యాపకులు,Faculty
సాధించిన,Achievement
మద్యం,Alcohol
చికిత్స,Treatment
నేరం,Crime
స్పర్శ,Touch
హంతకుడు,Murderer
వ్యక్తిత్వం,Personality
ప్రకృతి దృశ్యం,Landscape
లోతుగా,Deeply
సమంజసం,Reasonable
త్వరలో,Soon
కుడుచు,Suck
పరివర్తన,Transformation
న్యాయంగా,Fairly
కాలమ్,Column
కడగడం,Washing
బటన్,Button
ప్రత్యర్థి,Opponent
పోయాలి,Pour
వలసదారు,Immigrant
ప్రధమ,First
పంపిణీ,Distribution
గోల్ఫ్,Golf
గర్భవతి,Pregnant
కుదరదు,Not possible.
ప్రత్యామ్నాయం,Alternative
ఇష్టమైన,Favorite
ఆపండి,Stop.
హింసాత్మకమైన,Violent
భాగం,Part
సంపాదించు,Earn
ఆత్మహత్య,Suicide
సాగదీయడం,Stretching
లోటు,Deficit
లక్షణం,Characteristic
సౌర,Solar
ఫిర్యాదు,Complaint
సమర్థుడు,Competent
విశ్లేషించడానికి,To analyze
భయపడ్డాను,I was scared.
మద్దతుదారు,Supporter
తవ్వు,Excavation
ఇరవై,Twenty
నటిస్తారు,Pretend
తత్వశాస్త్రం,Philosophy
బాల్యం,Childhood
తక్కువ,Low
బాగా,Well
బయట,Outside
చీకటి,Darkness
సంపద,Wealth
సంక్షేమ,Welfare
పేదరికం,Poverty
ప్రాసిక్యూటర్,Prosecutor
ఆధ్యాత్మికం,Spiritual
రెట్టింపు,Double
మూల్యాంకనం చేయండి,Evaluate
ద్రవ్యరాశి,Mass
ఇజ్రాయెల్,Israel
మార్పు,Change
ప్రత్యుత్తరం ఇవ్వండి,Reply
బక్,Buck
ప్రదర్శన,Display
కత్తి,Knife
గుండ్రంగా,Round
సాంకేతికత,Technology
డిటెక్టివ్,Detective
ప్యాక్,Pack
రుగ్మత,Disorder
జీవి,Creature
కన్నీరు,Tears
దగ్గరగా,Close
పారిశ్రామిక,Industrial
గృహ,Household
వాచ్,Watch
చిప్,Chip
సంబంధం లేకుండా,Regardless
అనేక,Many
టై,Tie
పరిధి,Range
ఆదేశం,Command
షూటింగ్,Shooting
డజను,Dozen
పాప్,Pop
పొర,Layer
రొట్టె,Bread
మినహాయింపు,Exception
అభిరుచి,Passion
నిరోధించు,Block
హైవే,Highway
స్వచ్ఛమైన,Pure
కమాండర్,Commander
తీవ్రమైన,Serious
ప్రచురణ,Publication
వైస్,Vice
తోటి,Fellow
గెలుపు,Victory
రహస్యం,Secret
ఛాంపియన్షిప్,Championship
ఇన్స్టాల్,Install
కథ,Story
స్వేచ్ఛ,Freedom
హోస్ట్,Host
కింద,Under
ప్రయాణీకుడు,Passenger
వైద్యుడు,Doctor
ఉన్నత విద్యావంతుడు,Highly educated
పదునైన,Sharp
పదార్ధం,Substance
వాతావరణం,Weather
కదిలించు,Stir
ముస్లిం,Muslim
ప్రకరణము,Passage
మిరియాలు,Pepper
నొక్కిచెప్పండి,Emphasize
కేబుల్,Cable
చతురస్రం,Square
వంటకం,Recipe
లోడ్,Load
పక్కన,Beside
పైకప్పు,Roof
కూరగాయల,Vegetable
సాధిస్తారు,Will achieve
మౌనంగా,Silently
అలవాటు,Habit
ఆవిష్కరణ,Innovation
మొత్తం,Total
రికవరీ,Recovery
dna,DNA
లాభం,Profit
భూభాగం,Territory
ప్రియురాలు,Sweetheart
కలిగి ఉంటాయి,Have
నేరుగా,Directly
తప్పకుండా,Of course
రుజువు,Proof
నాడీ,Nervous
వెంటనే,Immediately
పార్కింగ్,Parking
పాపం,Sin
అసాధారణమైన,Unusual
బియ్యం,Rice
ఇంజనీరింగ్,Engineering
ముందుకు,Forward
ఇంటర్వ్యూ,Interview
పాతిపెట్టు,Bury
ఇప్పటికీ,Still
కేక్,Cake
అజ్ఞాత,Anonymous
జెండా,Flag
సమకాలీన,Contemporary
మంచిది,Good
జైలు,Prison
గ్రామీణ,Rural
మ్యాచ్,Match
రైలు పెట్టె,Train carriage
వివరణ,Description
వేతనం,Salary
అల్పాహారం,Breakfast
తీవ్రమైన,Serious
ప్రొఫైల్,Profile
పొదుపు,Savings
క్లుప్తంగా,In short
సర్దుబాటు,Adjustment
తగ్గింపు,Discount
నిరంతరం,Constantly
సహాయం,Help
బిచ్,Bitch
స్థిరమైన,Stable
అనుమతి,Permission
ప్రధానంగా,Mainly
వినోదం,Entertainment
అరవడం,Shouting
అకాడమీ,Academy
టీస్పూన్,Teaspoon
కల,Dream
బదిలీ,Transfer
సాధారణ,Simple
మిత్ర,Friend
వైద్యసంబంధమైన,Medical
లెక్కించు,Calculate
ప్రమాణం,Standard
అవెన్యూ,Avenue
పూజారి,Priest
ఉపాధి,Employment
వ్యర్థం,Waste
విశ్రాంతి తీసుకోండి,Relax.
రుణపడి,In debt
రూపాంతరము,Metamorphosis
గడ్డి,Grass
ఇరుకైన,Narrow
జాతి,Race
పండితుడు,Scholar
ఎడిషన్,Edition
విడిచిపెట్టు,Leave
ఆచరణాత్మకమైనది,Practical
సంక్రమణ,Infection
సంగీతపరమైన,Musical
సూచన,Reference
ప్రతిఘటన,Resistance
పొగ,Smoke
యువరాజు,Prince
రోగము,Disease
కౌగిలించుకుంటారు,Hugs
వాణిజ్యం,Trade
రిపబ్లిక్,Republic
స్వచ్ఛందంగా,Voluntarily
లక్ష్యం,Goal
సాధారణ,Simple
మూల్యాంకనం,Evaluation
నాది,Mine
ఎదురుగా,Opposite
అద్భుతం,Miracle
మారండి,Switch
నలుపు,Black
ఇరాకీ,Iraqi
ఇనుము,Iron
గ్రహిస్తారు,Understand
ప్రాథమిక,Basic
పదబంధం,Phrase
ఊహ,Imagination
ఇసుక,Sand
రూపకర్త,Designer
ప్రణాళిక,Plan
దారితీసింది,Led
మోడ్,Mode
ట్రాక్,Track
గౌరవం,Respect
విస్తృతంగా,Widely
సందర్భం,Context
భంగిమలో,In the pose
సుమారు,Approximately
పదవీ విరమణ,Retirement
మరెక్కడా,Elsewhere
పండుగ,Festival
టోపీ,Hat
సురక్షితమైన,Safe
అటాచ్ చేయండి,Attach
యంత్రాంగం,Mechanism
ఉద్దేశం,Intention
దృష్టాంతంలో,In the scenario
అరుస్తారు,They shout.
అపురూపమైన,Incredible
స్పానిష్,Spanish
గట్టిగా,Strongly
జాతి,Race
రవాణా,Transportation
కుండ,Pot
ప్రియుడు,Boyfriend
పరిశీలన,Observation
ముందు,Before
పదవీ విరమణ,Retirement
అరుదుగా,Rarely
ఉమ్మడి,Joint
సందేహం,Doubt
సంరక్షించు,Preserve
అపారమైన,Enormous
సిగరెట్,Cigarette
కర్మాగారం,Factory
విలువైన,Valuable
క్లిప్,Clip
విద్యుత్,Electricity
దిగ్గజం,Giant
బానిస,Slave
సమర్పించండి,Submit
సమర్థవంతంగా,Effectively
క్రైస్తవుడు,Christian
మానిటర్,Monitor
ఆశ్చర్యం,Surprise
పరిష్కరించండి,Solve
మిగిలి ఉంది,Remaining
పాల్గొనడం,Participation
ప్రవాహం,Flow
విమోచనం,Redemption
మూలం,Source
యుక్తవయస్సు,Puberty
ప్రత్యేకంగా,Especially
కాంగ్రెస్,Congress
కట్టు,Bandage
కోటు,Coat
టవర్,Tower
లైసెన్స్,License
ట్విట్టర్,Twitter
విధిస్తాయి,impose
అమాయక,Innocent
పాఠ్యప్రణాళిక,Curriculum
మెయిల్,Mail
అంచనా,Estimate
అంతర్దృష్టి,Insight
పరిశోధకుడు,Researcher
వైరస్,Virus
హరికేన్,Hurricane
ఖచ్చితమైన,Accurate
నియమం,Rule
సమ్మె,Strike
సంభాషించండి,Communicate
క్రాస్,Cross
మారుతూ ఉంటాయి,Varies
జాకెట్,Jacket
పెరుగుతున్నాయి,Growing
ఆకుపచ్చ,Green
సమానంగా,Equally
చెల్లించాలి,Pay
లో,In
కాంతి,Light
తాత్పర్యం,Meaning
ఫిక్షన్,Fiction
నిరసన,Protest
అమ్మ,Mom
సూచిస్తుంది,Indicates
జంట,Couple
ప్యాంటు,Pants
మరొకటి,Another one
ముందుకు,Forward
వంచు,Bend
షాక్,Shock
వ్యాయామం,Exercise
ప్రమాణాలు,Standards
అరబ్,Arab
మురికి,Dirty
రింగ్,Ring
బొమ్మ,Doll
సంభావ్యంగా,Potentially
దాడి,Attack
శిఖరం,Peak
కోపం,Anger
బూట్,Boot
నాటకీయమైన,Dramatic
తోటివాడు,Fellow
మెరుగుపరుస్తాయి,Improve
గణితం,Mathematics
స్లయిడ్,Slide
అనుకూలంగా,In favor
గులాబీ రంగు,Pink color
దుమ్ము,Dust
అత్త,Aunt
కోల్పోయిన,Lost
అవకాశం,Opportunity
మానసిక స్థితి,Mood
mm-hmm,mm-hmm
పరిష్కారం,Solution
కాకుండా,Apart from
న్యాయంచేయటానికి,To do justice
లోతు,Depth
రసం,Juice
అధికారిక,Official
వాస్తవంగా,Actually
గ్యాలరీ,Gallery
ఉద్రిక్తత,Tension
గొంతు,Throat
డ్రాఫ్ట్,Draft
కీర్తి,Fame
సూచిక,Index
సాధారణంగా,Usually
గజిబిజి,Mess
ఆనందం,Happiness
ఉక్కు,Steel
మోటార్,Motor
సంస్థ,Organization
జీతం,Salary
పైగా,Over
దిగ్గజం,Giant
బంధువు,Relative
సాధారణ,Simple
ఉన్నత విద్యావంతుడు,Highly educated
డజను,Dozen
పరిణామం,Evolution
అని పిలవబడే,The so-called
సహాయకారిగా,Helpful
పోటీ,Competition
సుందరమైన,Beautiful
చేపలు పట్టడం,Fishing
ఆందోళన,Anxiety
వృత్తిపరమైన,Professional
కార్బన్,Carbon
వ్యాసం,Article
ఇస్లామిక్,Islamic
గౌరవం,Respect
నాటకం,Drama
బేసి,Odd
చెడు,Bad
అపరిచితుడు,Stranger
బెల్ట్,Belt
కోరండి,Request
టాసు,Toss
ఐదవ,Fifth
సూత్రం,Principle
బంగాళదుంప,Potato
రాక్షసుడు,Monster
పొగ,Smoke
టెలిఫోన్,Telephone
అత్యాచారం,Rape
అరచేతి,Palm
జెట్,Jet
నౌకాదళం,Navy
ఉత్సాహంగా,Excitedly
ప్లాట్లు,Plot
కోణం,Angle
విమర్శించండి,Criticize
ఖైదీ,Prisoner
క్రమశిక్షణ,Discipline
చర్చలు,Discussions
తిట్టు,Damn it.
వెన్న,Butter
ఎడారి,Desert
సంక్లిష్టమైనది,Complicated
బహుమతి,Gift
అంధుడు,Blind man
కేటాయించవచ్చు,Can be assigned
బుల్లెట్,Bullet
అవగాహన,Awareness
క్రమం,Order
వర్ణించేందుకు,To describe
డ్రాప్,Drop
ప్యాక్,Pack
ప్రొవైడర్,Provider
ఫకింగ్,Fucking
మైనర్,Minor
కార్యకర్త,Worker
పద్యం,Poem
సెలవు,Holiday
బరువు,Weight
ముఠా,Gang
గోప్యత,Privacy
గడియారం,Clock
ఏర్పాట్లు,Arrangements
పెనాల్టీ,Penalty
కడుపు,Stomach
కచేరీ,Concert
అసలైన,Original
గణాంకాలు,Statistics
ఎలక్ట్రానిక్,Electronic
సరిగ్గా,Exactly
బ్యూరో,Bureau
తోడేలు,Wolf
మరియు/లేదా,and/or
క్లాసిక్,Classic
సిఫార్సు,Recommendation
ఉత్తేజకరమైన,Exciting
మేకర్,Maker
ప్రియమైన,Dear
ముద్ర,Seal
విరిగిపోయింది,Broken
బ్యాటరీ,Battery
కథనం,Story
ప్రక్రియ,Process
తలెత్తుతాయి,arise
చిన్నపిల్ల,Little boy
కొరకు,For
డెలివరీ,Delivery
క్షమించు,Forgive me.
కనిపించే,Visible
భారీగా,Heavy
జూనియర్,Junior
ప్రతినిధి,Representative
వైవిధ్యం,Diversity
స్ట్రింగ్,String
దావా,Claim
తరువాతి,Next
అందమైన,Beautiful
డిప్యూటీ,Deputy
పునరుద్ధరించు,Restore
మిత్రుడు,Friend
మానసిక,Mental
కాకుండా,Apart from
తీవ్రమైన,Serious
స్నేహపూర్వక,Friendly
చెడు,Bad
వీధి,Street
ఆకలితో,Hungry
బీన్,Bean
సాస్,Sauce
ముద్రణ,Printing
ఆధిపత్యం,Domination
పరీక్ష,Test
ఉపాయం,Trick
ఫాంటసీ,Fantasy
లేకపోవడం,Absence
ప్రమాదకర,Dangerous
చిహ్నం,Icon
గుర్తింపు,Identification
గుర్తించడం,Identifying
టేబుల్ స్పూన్,Tablespoon
నిర్మించు,Build
హ్మ్,Hmm
అరెస్టు,Arrest
ఆమోదం,Approval
సహాయాలు,Aids
అయితే,However
రక్షణాత్మకమైన,Protective
స్వాతంత్ర్యం,Independence
క్షమాపణ చెప్పండి,Apologize.
టాప్,Top
ఆసియా,Asia
పెరిగింది,Increased
దెయ్యం,Ghost
ప్రమేయం,Involvement
శాశ్వత,Permanent
తీగ,Wire
గుసగుసలు,Whispers
మౌస్,Mouse
విమానయాన సంస్థ,Airline
స్థాపకుడు,Founder
లక్ష్యం,Goal
ఎక్కడా లేదు,Nowhere
ప్రత్యామ్నాయం,Alternative
దృగ్విషయం,Phenomenon
పరిణామం చెందుతాయి,Evolve
కాదు,No
ఖచ్చితమైన,Accurate
వెండి,Silver
సెంటు,Cent
సార్వత్రిక,Universal
యువకుడు,Young man
కీలకమైన,Crucial
వీక్షకుడు,Viewer
షెడ్యూల్,Schedule
హాస్యాస్పదంగా,Ironically
చాక్లెట్,Chocolate
సున్నితమైన,Sensitive
దిగువన,At the bottom
అమ్మమ్మ,Grandma
క్షిపణి,Missile
సుమారుగా,Approximately
రాజ్యాంగబద్ధమైనది,Constitutional
సాహసం,Adventure
జన్యుపరమైన,Genetic
ముందుకు,Forward
సంబంధించిన,Related
స్వింగ్,Swing
అంతిమ,Final
తయారీదారు,Manufacturer
తెలియని,Unknown
తుడవడం,Wiping
పంట,Crop
మనుగడ,Survival
లైన్,Line
పరిమాణం,Size
ప్రతిఘటించండి,Resist
అభ్యర్థన,Request
రోల్,Roll
ఆకారం,Shape
చీకటి,Darkness
హామీ,Guarantee
చారిత్రాత్మకమైనది,Historic
విద్యావేత్త,Educator
కఠినమైన,Tough
సిబ్బంది,Staff
జాతి,Race
అదుపుచేయలేని,Uncontrollable
తీవ్రవాది,Terrorist
రాజ సంబంధమైన,Royal
ఉన్నతవర్గం,Elite
ఆక్రమిస్తాయి,Occupy
ఉద్ఘాటన,Emphasis
తడి,Wet
విధ్వంసం,Destruction
ముడి,Raw
లోపలి,Inside
కొనసాగండి,Continue
ఉల్లంఘించండి,Violate
చార్ట్,Chart
వేగం,Speed
ఫైనాన్స్,Finance
ఛాంపియన్,Champion
స్నాప్,Snap
అనుమానితుడు,Suspect
సలహా ఇవ్వండి,Give advice
ప్రారంభంలో,At the beginning
ఆధునిక,Modern
అసంభవం,Impossibility
అడ్డంకి,Obstacle
న్యాయవాది,Lawyer
లేబుల్,Label
యాక్సెస్,Access
భయంకరమైన,Terrible
భారం,Burden
ఉల్లంఘన,Violation
కాకుండా,Apart from
వెధవ,Widow
జీవితకాలం,Lifetime
పని చేస్తున్నారు,Working
నిధి,Treasure
కొనసాగుతున్న,Ongoing
స్పందించలేదు,Not responding
రొటీన్,Routine
ప్రదర్శన,Display
సరఫరా,Supply
గేర్,Gear
ఫోటో,Photo
మెక్సికన్,Mexican
స్టేడియం,Stadium
అనువదించు,Translate
తాకట్టు,Pledge
షెరీఫ్,Sheriff
క్లినిక్,Clinic
స్పిన్,Spin
సంకీర్ణ,Coalition
సహజంగా,Naturally
ఆశాజనకంగా,Hopefully
కలపాలి,Mix
మెను,Menu
మృదువైన,Soft
ప్రకటనలు,Advertisements
అన్వయించు,Apply
మొక్క,Plant
రద్దుచేసే,Cancelling
ముస్లిం,Muslim
స్పష్టమైన,Clear
అమరిక,Arrangement
పొందుపరచండి,Embed
విడిపోయింది,Separated
తెలివైన,Intelligent
నిల్వ,Storage
ఫ్రేమ్వర్క్,Framework
నిజాయితీగా,Honestly
వెంబడించు,Follow
నిట్టూర్పు,Sigh
భరోసా,Assurance
వినియోగ,Usage
రుచి,Taste
దూకుడు,Aggression
కుకీ,Cookie
భీభత్సం,Terror
ఉచిత,Free
విలువ,Value
సంపన్నుడు,Rich man
నవీకరణ,Update
ఫోరమ్,Forum
కూటమి,Alliance
కలిగి ఉంటాయి,Have
సామ్రాజ్యం,Empire
ఆసక్తిగా,Curious
మొక్కజొన్న,Corn
ఏదీ కాదు,None
లెక్కించు,Calculate
అత్యవసరము,Urgent
సాక్ష్యం,Evidence
ప్రాథమిక,Basic
బదిలీ,Transfer
వాటాను,Share
ఖచ్చితంగా,Sure
కొరుకు,Bite
ఇచ్చిన,Given
గణనీయమైన,Substantial
ఆధారపడి,Dependent
చూపు,Show
కణజాలం,Tissue
ఏకాగ్రత,Concentration
డెవలపర్,Developer
కనుగొన్నారు,Found
బ్యాలెట్,Ballet
తినేస్తాయి,They eat.
అధిగమించటం,Overcoming
జీవసంబంధమైన,Biological
గది,Room
అదేవిధంగా,Similarly
కర్ర,Stick
ధైర్యం,Courage
అభివృద్ధి చెందుతున్న,Developing
పులి,Tiger
నిష్పత్తి,Ratio
ప్రేమికుడు,Lover
విస్తరణ,Expansion
ఎన్కౌంటర్,Encounter
అప్పుడప్పుడు,Occasionally
నిరుద్యోగం,Unemployment
పెంపుడు జంతువు,Pet
భయంకరం,Terrible
ప్రయోగశాల,Laboratory
నిర్వాహకుడు,Administrator
గాలి,Wind
క్వార్టర్ బ్యాక్,Quarterback
రాకెట్,Rocket
తయారీ,Preparation
బంధువు,Relative
ఆత్మవిశ్వాసం,Self-confidence
వ్యూహాత్మకమైన,Strategic
సముద్ర,Sea
కోట్,Quote
ప్రచురణకర్త,Publisher
ఆవిష్కరణ,Innovation
హైలైట్,Highlight
గింజ,Nut
యుద్ధ,War
ర్యాంక్,Rank
విద్యుత్,Electricity
ఉదాహరణ,Example
అదృష్టం,Good luck
ఫ్రీజ్,Freeze
వైవిధ్యం,Diversity
సాయుధ,Armed
చర్చలు,Discussions
నవ్వు,Laughter
జ్ఞానం,Knowledge
కరస్పాండెంట్,Correspondent
మిశ్రమం,Mixture
హత్య,Murder
సహాయకుడు,Assistant
నిలుపుకుంటారు,Will retain
టమోటా,Tomato
భారతీయుడు,Indian
సాక్ష్యం చెప్పండి,Bear witness.
మూలవస్తువుగా,As an ingredient
నుండి,From
గెలాక్సీ,Galaxy
అర్హత,Eligibility
పథకం,Scheme
గోప్,Gop
అవమానం,Humiliation
ఏకాగ్రత,Concentration
పోటీ,Competition
పరిచయం,Introduction
సరిహద్దు,Border
గొట్టం,Pipe
వర్సెస్,Versus
చెఫ్,Chef
క్రమం తప్పకుండా,Regularly
అందములేని,Unsightly
స్క్రూ,Screw
లోడ్,Load
నాలుక,Tongue
పాలస్తీనియన్,Palestinian
ఆర్థిక,Finance
క్రీక్,Creek
తుంటి,Hip
తోడు,Companion
తగ్గుదల,Decrease
తీవ్రవాదం,Terrorism
ప్రతివాది,Defendant
వ్యాఖ్యాత,Commentator
ఓటింగ్,Voting
శరణార్థ,Refugee
అసెంబ్లీ,Assembly
మోసం,Fraud
పరిమితి,Limit
ఇల్లు,House
భాగస్వామ్యం,Share
స్టోర్,Store
క్రాష్,Crash
ఆశ్చర్యం,Surprise
ప్రాతినిథ్యం,Representation
పట్టుకోండి,Hold on.
మంత్రిత్వ శాఖ,Ministry
ఫ్లాట్,Flat
తెలివైన,Intelligent
సాక్షి,Witness
మన్నించు,Forgive me.
నమోదు,Registration
హాస్యం,Humor
కొనుగోలు,Purchase
నొక్కండి,Press
మౌలిక సదుపాయాలు,Infrastructure
సేంద్రీయ,Organic
ఇస్లాం,Islam
విభిన్న,Different
అనుకూలంగా,In favor
మేధావి,Genius
బిగుతుగా,Tightly
ఓడరేవు,Port
విధి,Fate
సంత,Market
సంపూర్ణ,Perfect
సంభాషణ,Conversation
అదనంగా,Additionally
తరచుదనం,Frequency
తెగ,Tribe
బాహ్య,Exterior
నియామకం,Appointment
మార్చు,Change
ఆశ్చర్యకరం,Amazing
మొబైల్,Mobile
స్థాపన,Establishment
ఆందోళన చెందారు,Worried
బై,Bye
షాపింగ్,Shopping
ప్రముఖ,Popular
కాంగ్రెస్ వాది,Congressman
ఆకట్టుకుంటారు,Impressive
పన్ను చెల్లింపుదారు,Taxpayer
స్వీకరించు,Receive
బహిరంగంగా,Publicly
అహంకారం,Pride
దుస్తులు,Clothing
వేగంగా,Fast
డొమైన్,Domain
ప్రధానంగా,Mainly
పైకప్పు,Roof
మార్చు,Change
ఆశ్రయం,Shelter
యాదృచ్ఛికంగా,Randomly
బాధ్యత,Responsibility
షవర్,Shower
వేడుకుంటాడు,He begs.
నిద్రపోతున్నాను,Sleeping.
సంగీతకారుడు,Musician
అసాధారణ,Unusual
దుమ్ము,Dust
pc,pc
గంట,Hour
వాసన,Smell
నష్టం,Loss
వేడుక,Ceremony
క్లూ,Clue
మార్గదర్శకం,Guide
సౌకర్యం,Facility
సమీపంలో,Nearby
గర్భం,Pregnancy
అప్పు తీసుకుంటారు,Borrowing
సంప్రదాయ,Traditional
పర్యాటక,Tourism
ప్రోత్సాహకం,Incentive
ఆచారం,Ritual
చెంప,Cheek
టోర్నమెంట్,Tournament
రెట్టింపు,Double
ఉపగ్రహ,Satellite
సమీపంలో,Nearby
సమగ్రమైన,Comprehensive
స్థిరమైన,Stable
మందులు,Medications
స్క్రిప్ట్,Script
చదువు,Education
సమర్థవంతమైన,Efficient
ప్రమాదం,Danger
స్వాగతం,Welcome
భయ పెట్టు,Scare
మనస్తత్వశాస్త్రం,Psychology
తర్కం,Logic
ఆర్థికశాస్త్రం,Economics
నవీకరణ,Update
అయినప్పటికీ,Although
దెయ్యం,Ghost
ముప్పై,Thirty
కొట్టారు,Beaten
దాతృత్వం,Charity
ఫైబర్,Fiber
అల,Wave
ఆదర్శవంతమైనది,Ideal
స్నేహం,Friendship
నికర,Net
ప్రేరణ,Motivation
భిన్నంగా,Differently
రిజర్వ్,Reserve
పరిశీలకుడు,Observer
మానవత్వం,Humanity
ప్రాణాలతో బయటపడింది,Survived
కంచె,Fence
నిశ్శబ్దంగా,Quietly
హాస్యం,Humor
ప్రధాన,Main
అంత్యక్రియలు,Funeral
ప్రతినిధి,Representative
పొడిగింపు,Extension
వదులుగా,Loosely
మునిగిపోతుంది,Sinking
చరిత్రకారుడు,Historian
నాశనము,Destruction
సంతులనం,Balance
రసాయన,Chemical
గాయకుడు,Singer
తాగిన,Drunk
ఈత కొట్టండి,Swim.
ఉల్లిపాయ,Onion
నిపుణుడు,Expert
లేదు,No
తెలుపు,White
పాన్,Pan
పంపిణీ,Distribution
వెర్రి,Crazy
డెక్,Deck
ప్రతిబింబం,Reflection
త్వరలో,Soon
డేటాబేస్,Database
ప్రవాహం,Flow
రిమోట్,Remote
అనుమతి,Permission
విశేషమైనది,Remarkable
ప్రతి రోజు,Every day
జీవనశైలి,Lifestyle
స్వీప్,Sweep
నగ్నంగా,Naked
తగినంత,Enough
సింహం,Lion
వినియోగం,Usage
సామర్ధ్యం,Ability
సాధన,Practice
ఉద్గారము,Emission
సైడ్‌బార్,Sidebar
చెత్త,Garbage
డీలర్,Dealer
కొలత,Measurement
ప్రాణాధారమైన,Vital
ఆకట్టుకునే,Impressive
కాల్చండి,Bake
అద్భుతమైన,Excellent
సలహాదారు,Advisor
దిగుబడి,Yield
కేవలం,Just
ఊహ,Imagination
రాడికల్,Radical
విషాదం,Tragedy
భయానకంగా,Scary
సలహాదారు,Advisor
సరైన,Correct
లెఫ్టినెంట్,Lieutenant
కలత,Upset
ఆకర్షణీయమైన,Attractive
ఎకరం,Acre
డ్రాయింగ్,Drawing
ఓటమి,Defeat
కొత్తగా,Newly
కుంభకోణం,Scandal
రాయబారి,Ambassador
ఓహ్,Oh
స్పాట్,Spot
విషయము,Content
గుండ్రంగా,Round
బెంచ్,Bench
మార్గదర్శకుడు,Pioneer
కౌంటర్,Counter
రసాయన,Chemical
అసమానత,Inequality
ఎలుక,Mouse
భయానక,Horror
విజ్ఞప్తి,Appeal
దుర్బలమైన,Vulnerable
నివారణ,Prevention
చతురస్రం,Square
సెగ్మెంట్,Segment
నిషేధించండి,Ban
తోక,Tail
ఏర్పాటు,Arrangement
చెడుగా,Badly
అనుగ్రహించు,Bless
సాహిత్యపరమైన,Literary
మంత్రము,Mantra
అమలు,Execution
చట్టబద్ధమైనది,Legal
స్వల్ప,Minor
క్రాష్,Crash
స్ట్రిప్,Strip
తీరని,Desperate
దూరమైన,Distant
ప్రాధాన్యత,Priority
రాజకీయంగా,Politically
అభిప్రాయం,Feedback
ఆరోగ్య సంరక్షణ,Healthcare
నేరస్థుడు,Criminal
చెయ్యవచ్చు,Can
ఇటాలియన్,Italian
వివరంగా,In detail
కొనుగోలుదారు,Buyer
తప్పు,Wrong
సహకారం,Collaboration
వృత్తి,Career
నమ్మశక్యం కాని విధంగా,Unbelievably
నారింజ,Orange
చంపడం,Killing
దావా వేయండి,File a claim.
ఫోటోగ్రాఫర్,Photographer
నడుస్తోంది,Running
నిశ్చితార్థం,Engagement
తేడా,Difference
పెయింట్,Paint
పిచ్,Pitch
విస్తృతమైన,Extensive
సలాడ్,Salad
మెట్లు,Stairs
నోటీసు,Notice
దయ,Kindness
విడాకులు,Divorce
ఓడ,Ship
పంది,Pig
అప్పగింత,Assignment
భేదం,Difference
సరిపోయింది,Enough.
సర్క్యూట్,Circuit
ఆమ్లము,Acid
కెనడియన్,Canadian
పారిపోవలసి,To flee
సమర్థత,Efficiency
స్మారక చిహ్నం,Monument
ప్రతిపాదించారు,Proposed
నీలం,Blue
అస్తిత్వం,Existence
iphone,iPhone
శిక్ష,Punishment
విరామం,Break
మాత్ర,Pill
రుద్దు,Rub
శృంగార,Romantic
పురాణం,Legend
ఆర్థికవేత్త,Economist
లాటిన్,Latin
మంచి,Good
సహాయకుడు,Assistant
క్రాఫ్ట్,Craft
కవిత్వం,Poetry
తీవ్రవాది,Terrorist
దారం,Thread
చెక్క,Wood
గందరగోళం,Confusion
విషయం,Subject
విశేషాధికారం,Privilege
బొగ్గు,Coal
అవివేకి,Foolish
ఆవు,Cow
వర్ణించు,Describe
పై,On top
తగ్గుదల,Decrease
రిసార్ట్,Resort
వారసత్వం,Inheritance
తిరిగి,Back
ఒత్తిడి,Stress
స్పష్టముగా,Frankly
విషయం,Subject
రద్దు చేయండి,Cancel
ఉత్పన్నం,Derivative
మూగ,Dumb
పరిధిని,Scope
ఏర్పాటు,Arrangement
తాతయ్య,Grandfather
అందుకే,That's why
కోరిక,Desire
మార్జిన్,Margin
గాయం,Injury
ప్రదర్శన,Display
శాసనసభ,Legislative Assembly
ఇంకా,And more
చిత్తరువు,Portrait
కాథలిక్,Catholic
నిలబెట్టుకుంటారు,They will sustain
ఏకరీతి,Uniform
బాధాకరమైన,Painful
బిగ్గరగా,Loudly
అద్భుతం,Miracle
హాని,Harm
సున్నా,Zero
వ్యూహం,Strategy
ముసుగు,Mask
ప్రశాంతత,Calmness
ద్రవ్యోల్బణం,Inflation
వేటాడు,Hunting
భౌతికంగా,Physically
చివరి,Last
మాంసం,Meat
తాత్కాలిక,Temporary
తోటి,Fellow
నరము,Nerve
ఊపిరితిత్తుల,Lungs
స్థిరమైన,Stable
శీర్షిక,Title
ఆకస్మికంగా,Suddenly
విజయవంతంగా,Successfully
ప్రతివాది,Defendant
పోల్,Poll
సంతృప్తి,Satisfaction
ప్రవేశ ద్వారం,Entrance door
విమానాల,Airplanes
ఉపసంహరించుకోండి,Withdraw
మంత్రివర్గం,Cabinet
బంధువు,Relative
పదేపదే,Repeatedly
ఆనందం,Happiness
ప్రవేశ o,Entrance o
సహసంబంధం,Correlation
నిష్పత్తి,Ratio
వివాదం,Controversy
మిఠాయి,Candy
బహుమతి,Gift
సలహాదారు,Advisor
రికార్డింగ్,Recording
కుప్ప,Heap
పేలుడు,Explosion
నియమిస్తారు,Appointed
మంచం,Bed
అభిజ్ఞా,Cognitive
ఫర్నిచర్,Furniture
ప్రాముఖ్యత,Importance
కృతజ్ఞతతో,With gratitude
మంత్రము,Mantra
దావా,Claim
కమీషనర్,Commissioner
షెల్ఫ్,Shelf
విపరీతమైన,Extreme
యోధుడు,Warrior
భౌతిక శాస్త్రం,Physics
గారేజ్,Garage
రుచి,Taste
పిండి వేయు,Squeeze
ప్రముఖ,Popular
యాభై,Fifty
వాడిపోవు,Wither
పొయ్యి,Oven
సంతృప్తి,Satisfaction
వివక్ష,Discrimination
మాంద్యం,Depression
ఆరోపణ,Accusation
బూమ్,Boom
వారానికోసారి,Weekly
ఇటీవల,Recently
పరిమితి,Limit
వజ్రం,Diamond
పత్రం,Document
పగుళ్లు,Cracks
నేరారోపణ,Criminal charge
మడమ,Heel
నకిలీ,Fake
కీర్తి,Fame
షైన్,Shine
స్వింగ్,Swing
ప్లేఆఫ్,Playoff
నటి,Actress
మోసం,Fraud
ఫార్మాట్,Format
వివాదం,Controversy
దానంతట అదే,That's it.
మంజూరు,Grant
కిరాణా,Groceries
ప్రధాన కార్యాలయం,Headquarters
చీల్చివేయు,Rip off
ర్యాంక్,Rank
నీడ,Shadow
నియంత్రిస్తాయి,Control
మీటర్,Meter
ఒలింపిక్,Olympic
పైపు,Pipe
రోగి,Patient
వేడుక,Ceremony
చేతినిండా,Handful
కాపీరైట్,Copyright
ఆధారపడిన,Dependent
సంతకం,Signature
బిషప్,Bishop
బలపరుస్తాయి,Strengthen
చారు,Soup
హక్కు,Right
ఎవరైనా,Someone
క్యారియర్,Carrier
వార్షికోత్సవం,Anniversary
పిజ్జా,Pizza
నీతిశాస్త్రం,Ethics
పురాణం,Legend
డేగ,Eagle
స్కాలర్షిప్,Scholarship
పగుళ్లు,Cracks
పరిశోధన,Research
సభ్యత్వం,Membership
నిలబడి,Standing
స్వాధీనం,Possession
సంధి,Treaty
పాక్షికంగా,Partially
తెలివిలో,In wisdom
తయారీ,Preparation
ప్రకటన,Advertisement
టైర్,Tire
సంఖ్య,Number
అలంకరణ,Decoration
పాప్,Pop
భవిష్య వాణి,Prophecy
స్థిరత్వం,Stability
జాడ కనుగొను,Trace
కట్టుబాటు,Norm
ఐరిష్,Irish
మేధావి,Genius
శాంతముగా,Gently
ఆపరేటర్,Operator
మాల్,Mall
పుకారు,Rumor
కవి,Poet
ధోరణి,Trend
తదుపరి,Next
పరాయి,Alien
పేలుడు,Explosion
చల్లని,Cold
వివాదాస్పదమైనది,Controversial
నిర్వహణ,Management
ధైర్యం,Courage
మించిపోతాయి,Exceed
బిగుతుగా,Tightly
ప్రిన్సిపాల్,Principal
టీకా,Vaccine
గుర్తింపు,Identification
శాండ్విచ్,Sandwich
ఎద్దు,Ox
లెన్స్,Lens
పన్నెండు,Twelve
ప్రధాన స్రవంతి,Mainstream
అధ్యక్షపదవి,Presidency
సమగ్రత,Integrity
విభిన్న,Different
తెలివైన,Intelligent
ద్వితీయ,Secondary
పక్షపాతం,Prejudice
పరికల్పన,Hypothesis
పదిహేను,Fifteen
నామినేషన్,Nomination
ఆలస్యం,Delay
సర్దుబాటు,Adjustment
మంజూరు,Grant
రెండర్,Render
అంగడి,Shop
ఆమోదయోగ్యమైనది,Acceptable
పరస్పరం,Mutually
అధిక,High
పరీక్ష,Test
అర్థవంతమైన,Meaningful
కమ్యూనిస్టు,Communist
ఉన్నతమైన,Superior
కరెన్సీ,Currency
సామూహిక,Collective
చిట్కా,Tip
జ్వాల,Flame
గిటార్,Guitar
సిద్దాంతము,Theory
పాలస్తీనియన్,Palestinian
తేలుతుంది,Floats
వాణిజ్యం,Trade
కనిపెట్టు,Invent
రోబోట్,Robot
వేగవంతమైన,Fast
సాదా,Plain
వరుసగా,In a row
కణం,Cell
అంతటా,Throughout
చేతి తొడుగు,Glove
వరకు,Until
సవరించు,Edit
మోస్తరు,Moderate
జాజ్,Jazz
శిశువు,Baby
సారాంశం,Summary
సర్వర్,Server
తోలు,Leather
రేడియేషన్,Radiation
ప్రాంప్ట్,Prompt
ఫంక్షన్,Function
కూర్పు,Composition
ఆపరేటింగ్,Operating
నొక్కిచెప్పండి,Emphasize
కేసు,Case
ఉపన్యాసం,Lecture
బిగ్గరగా,Loudly
డంప్,Dump
నికర,Net
వన్యప్రాణులు,Wildlife
సాకర్,Soccer
క్లిష్టమైన,Complex
ఆదేశం,Command
మానిటర్,Monitor
డౌన్ టౌన్,Downtown
పీడకల,Nightmare
బారెల్,Barrel
నిరాశ్రయుడు,Homeless
భూగోళం,Globe
అసౌకర్యంగా,Uncomfortably
అమలు,Execution
అనుభూతి,Feeling
ఉచ్చు,Trap
సంజ్ఞ,Gesture
లేత,Pale
డేరా,Tent
రిసీవర్,Receiver
హోరిజోన్,Horizon
నిర్ధారణ,Confirmation
గణనీయమైన,Substantial
సువార్త,Gospel
స్వయంచాలకంగా,Automatically
పోరాడుతున్నారు,Fighting
స్ట్రోక్,Stroke
సంచరించు,Wander
బాతు,Duck
ధాన్యం,Grain
మృగం,Beast
ఆందోళన,Anxiety
వ్యాఖ్య,Comment
బట్ట,Fabric
నాగరికత,Civilization
వెచ్చని,Warm
అవినీతి,Corruption
కూలిపోతుంది,Collapses
మేడమ్,Madam
గొప్పగా,Greatly
వర్క్ షాప్,Workshop
విచారణ,Inquiry
cd,cd
మెచ్చుకుంటారు,Appreciate
మినహాయించండి,Exclude
రైఫిల్,Rifle
గది,Room
నివేదించడం,Reporting
వంపు,Tilt
పాచ్,Patch
టచ్డౌన్,Touchdown
ప్రయోగాత్మకమైన,Experimental
సంపాదన,Earnings
వేటగాడు,Hunter
ఎగురు,Fly
సొరంగం,Tunnel
కార్ప్స్,Corps
ప్రవర్తిస్తారు,behave
అద్దెకు,For rent
జర్మన్,German
ప్రేరేపిస్తాయి,Inspire
గుణం,Quality
వృద్ధుడు,Old man
వర్చువల్,Virtual
కనీస,Minimum
బలహీనత,Weakness
ప్రగతిశీల,Progressive
పత్రం,Document
మధ్యస్థ,Medium
ధర్మం,Dharma
ఔన్స్,Ounce
కూలిపోతుంది,Collapses
ఆలస్యం,Delay
అథ్లెటిక్,Athletic
గందరగోళం,Confusion
శాసనకర్త,Legislator
సులభతరం,Easy
అర్ధరాత్రి,Midnight
జింక,Deer
మార్గం,Way
చేయించుకుంటారు,They will do it.
వారసత్వం,Inheritance
శిఖరాగ్ర సమావేశం,Summit
కత్తి,Knife
టెలిస్కోప్,Telescope
దానం చేయండి,Donate
బ్లేడ్,Blade
బొటనవేలు,Thumb
వ్యవసాయం,Agriculture
పార్క్,Park
అమలు,Execution
రిక్రూట్,Recruit
అనుకూలంగా,In favor
మోతాదు,Dosage
సంబంధించిన,Related
ఇంటిగ్రేట్,Integrate
రేటు,Rate
పిచ్,Pitch
ప్రిస్క్రిప్షన్,Prescription
రిటైల్,Retail
దత్తత,Adoption
నెలవారీ,Monthly
ఘోరమైన,Deadly
సమాధి,Grave
తాడు,Rope
నమ్మదగిన,Reliable
లేబుల్,Label
లావాదేవీ,Transaction
పచ్చిక,Lawn
నిలకడగా,Consistently
మౌంట్,Mount
బుడగ,Bubble
క్లుప్తంగా,In short
గ్రహిస్తాయి,Understand
యువరాణి,Princess
లాగ్,Log
దుప్పటి,Blanket
నవ్వు,Laughter
రాజ్యం,Kingdom
ఎదురుచూడాలి,To be expected
బగ్,Bug
ప్రాథమిక,Basic
అంకితం,Dedication
నామినీ,Nominee
పరివర్తన,Transformation
మందిరము,Temple
భావం,Feeling
రాక,Arrival
నిరాశ,Despair
మారుతున్న,Changing
ప్రదర్శన,Display
కాలుష్యం,Pollution
పోస్టర్,Poster
గోరు,Nail
లాభాపేక్ష లేనిది,Non-profit
ఏడుస్తారు,Crying
మార్గదర్శకత్వం,Guidance
ప్రదర్శించు,Display
పెన్,Pen
అంతరాయం కలిగించు,Interrupt
నిమ్మకాయ,Lemon
దివాలా,Bankruptcy
రాజీనామా చేయండి,Resign
ఆధిపత్యం,Domination
దండయాత్ర,Invasion
పవిత్రమైనది,Sacred
భర్తీ,Replacement
చిత్రించండి,Picture it.
వేట,Hunting
వేరు,Separate
కరుగుతాయి,Melt
ఏకాభిప్రాయం,Consensus
ముద్దు,Kiss
ఫ్రెంచ్,French
హార్డ్వేర్,Hardware
రైలు,Train
చల్లని,Cold
సహచరుడు,Companion
పొడి,Dry
కొరియన్,Korean
క్యాబిన్,Cabin
భోజనం,Meal
ఉదారవాద,Liberal
పాము,Snake
పొగాకు,Tobacco
ధోరణి,Trend
ట్రిగ్గర్,Trigger
ఎక్కడైనా,Anywhere
స్వాధీనం,Possession
తిట్టు,Damn it.
గజిబిజి,Mess
శిక్షించండి,Punish
సెక్సీ,Sexy
వర్ణిస్తాయి,Describe
ఇన్పుట్,Input
అకారణంగా,Inexplicably
విస్తృతంగా,Widely
పోటీదారు,Competitor
కుదుపు,Jerk
కొత్తవాడు,Newbie
దానం,Donation
పరిపాలనా,Administrative
దాత,Donor
క్రమంగా,Gradually
పట్టించుకోవద్దు,Don't care.
"ముఖము కడుగుకొని, తలదువ్వుకొని, దుస్తులు ధరించు పద్ధతి","The method of washing the face, combing the hair, and dressing"
సంతోషించారు,Happy
పోలి ఉంటాయి,Similar
భావజాలం,Ideology
కీర్తి,Fame
గరిష్టంగా,Maximum
అవయవం,Organ
దాటవేయండి,Skip
ప్రారంభిస్తోంది,Getting started
బ్రష్,Brush
ఇటుక,Brick
ఆంత్రము,Intestine
రిజర్వేషన్,Reservation
తిరుగుబాటు,Rebellion
నిరాశ,Despair
ఓక్,Oak
చెల్లుతుంది,Valid
బోధకుడు,Instructor
రక్షించు,Protect
జాత్యహంకారం,Racism
పెన్షన్,Pension
మధుమేహం,Diabetes
మొత్తం,Total
క్లస్టర్,Cluster
ఆత్రుత,Anxiety
గంజాయి,Marijuana
పోరాటం,Fight
ప్రశంసలు,Praise
దుస్తులు,Clothing
ఆరవది,Sixth
తరచుగా,Often
ప్రేరణ,Motivation
నారింజ,Orange
కాంక్రీటు,Concrete
వంట,Cooking
కుట్ర,Conspiracy
లక్షణం,Characteristic
వ్యాన్,Van
సంస్థాగత,Institutional
వెల్లుల్లి,Garlic
తాగడం,Drinking
ప్రతిస్పందన,Response
క్రిస్టల్,Crystal
సాగదీయడం,Stretching
అనుకూల,Pro
సహచరుడు,Companion
హెలికాప్టర్,Helicopter
న్యాయవాది,Lawyer
సమీకరణం,Equation
రోమన్,Roman
అధునాతనమైన,Advanced
టైమింగ్,Timing
పోప్,Pope
ఒపేరా,Opera
నైతికమైన,Moral
మౌంట్,Mount
సూచన,Reference
ప్రేరణ,Motivation
వాకిలి,Porch
బలపరుస్తాయి,Strengthen
చూపులు,Glances
మాది,Ours
ఒడి,Lap
వ్రాయబడింది,Written
రివర్స్,Reverse
స్టార్టర్,Starter
గాయపరచు,Hurt
దీర్ఘకాలికమైన,Long-term
కొనసాగింది,Continued
ప్రత్యేకమైనది,Unique
సైనికాధికారి,Military officer
కాపీ,Copy
గొడ్డు మాంసం,Beef
విదేశాలలో,Abroad
థాంక్స్ గివింగ్,Thanksgiving
తీవ్రత,Severity
కోరిక,Desire
గుహ,Cave
నేలమాళిగ,Basement
అనుబంధించబడింది,Associated
కాకుండా,Apart from
మనోహరమైన,Charming
సంకర్షణ చెందుతాయి,Interact
దృష్టాంతం,Illustration
రోజువారీ,Daily
సారాంశం,Summary
కంటైనర్,Container
డ్రైవింగ్,Driving
విషయం,Subject
డైనమిక్,Dynamic
వ్యాయామశాల,Gymnasium
బ్యాట్,Bat
మనవి,Request
ప్రమోషన్,Promotion
అనిశ్చితి,Uncertainty
యాజమాన్యం,Ownership
అధికారికంగా,Officially
ట్యాగ్,Tag
డాక్యుమెంటరీ,Documentary
కాండం,Stem
వరద,Flood
అపరాధం,Guilt
లోపల,Inside
అలారం,Alarm
టర్కీ,Turkey
ప్రవర్తన,Behavior
నిర్ధారణ,Confirmation
విలువైన,Valuable
మింగడానికి,To swallow
ప్రారంభించండి,Get started
ఫిట్‌నెస్,Fitness
పరిమితం చేయండి,Limit
గల్ఫ్,Gulf
న్యాయవాది,Lawyer
మమ్మీ,Mommy
ఊహించని,Unexpected
భుజం తట్టండి,Pat on the shoulder
వ్యవసాయ,Agriculture
త్యాగం,Sacrifice
స్పెక్ట్రం,Spectrum
డ్రాగన్,Dragon
బాక్టీరియా,Bacteria
ఒడ్డు,Shore
పాస్టర్,Pastor
శిఖరం,Peak
ఓడ,Ship
తగినంత,Enough
అత్యాచారం,Rape
అదనంగా,Additionally
అధిగమించేందుకు,To overcome
వృత్తి,Career
కంపోజ్ చేయండి,Compose
ముక్క,Piece
ధైర్యవంతుడు,Brave man
సైనిక,Military
ఉద్దీపన,Stimulus
పేటెంట్,Patent
పొడి,Dry
కఠినమైన,Tough
గందరగోళం,Confusion
కిట్,Kit
ఇది,This
పియానో,Piano
ఆశ్చర్యకరంగా,Surprisingly
అప్పిచ్చు,Give
సరిగ్గా,Exactly
ప్రాజెక్ట్,Project
పాలించు,Rule
నిరాడంబరమైన,Modest
పంచుకున్నారు,Shared
మనస్తత్వవేత్త,Psychologist
సేవకుడు,Servant
అధిక,High
ఎలివేటర్,Elevator
హిస్పానిక్,Hispanic
దైవ సంబంధమైన,Divine
ఒకరి నుండి ఒకరికి వ్యాధి ప్రబలడం,Spread of disease from person to person
బట్,Butt
సాధారణంగా,Usually
కౌబాయ్,Cowboy
సులభం,Easy
ఉద్దేశం,Intention
కౌన్సెలింగ్,Counseling
సౌమ్యుడు,Gentleman
లయ,Rhythm
పొట్టి,Short
సంక్లిష్టత,Complexity
అయినప్పటికీ,Although
సమర్థత,Efficiency
ఒంటరి,Lonely
గణాంకపరమైన,Statistical
దీర్ఘకాలం,Long term
జాతి,Race
దృఢమైన,Strong
చెత్త,Garbage
అంకితం చేస్తారు,Dedicated
వేగం,Speed
వెంచర్,Venture
తాళం వేయండి,Lock it.
సహాయకుడు,Assistant
సూక్ష్మమైన,Subtle
రాడ్,Rod
టాప్,Top
పౌరుడు,Citizen
టీ షర్టు,T-shirt
భరిస్తున్నారు,Enduring
పౌరుడు,Citizen
బుట్ట,Basket
కఠినమైన,Tough
ఓడిపోయినవాడు,Loser
ఫ్రాంచైజీ,Franchise
సాధువు,Saint
లక్ష్యం,Goal
ప్రాసిక్యూషన్,Prosecution
కొరుకు,Bite
సాహిత్యం,Literature
సమ్మేళనం,Compound
వాస్తుశిల్పం,Architecture
చేరుకుంటాయి,Will arrive
గమ్యం,Destination
భరించవలసి ఉంటుంది,Will have to bear
ప్రావిన్స్,Province
మొత్తం,Total
ఉపన్యాసం,Lecture
చిందించు,Spill
నిజమైన,Real
మేడమీద,Upstairs
నిరసన,Protest
వర్తకం,Trade
దయచేసి,Please
అంగీకారం,Acceptance
ద్యోతకం,Revelation
మార్చ్,March
సూచిక,Index
సహకారం,Collaboration
వాక్చాతుర్యం,Rhetoric
ట్యూన్,Tune
నేలకి కొట్టటం,Hitting the ground
అనివార్యమైన,Inevitable
కోతి,Monkey
వరకు,Until
ప్రోటోకాల్,Protocol
ఉత్పాదక,Productive
ప్రిన్సిపాల్,Principal
పూర్తి,Complete
జీన్స్,Jeans
సహచరుడు,Companion
దోషి,Guilty
పెంచండి,Increase
గ్రహీత,Recipient
ఆచరణాత్మకంగా,Practically
అమరిక,Arrangement
ఒప్పించండి,Convince
అణగదొక్కండి,Undermine
అవును,Yes
గడ్డిబీడు,Ranch
స్కౌట్,Scout
పతకం,Medal
అంతులేని,Endless
అనువాదం,Translation
స్కీ,Ski
పరిరక్షణ,Conservation
నివాసస్థలం,Residence
కాంట్రాక్టర్,Contractor
ట్రైలర్,Trailer
కాడ,Pitcher
టవల్,Towel
వీడ్కోలు,Goodbye
హాని,Harm
ఉపరి లాభ బహుమానము,Bonus
నాటకీయంగా,Dramatically
శైలి,Style
కాలర్,Collar
బయటకి దారి,Way out
హుక్,Hook
ప్రవర్తనాపరమైన,Behavioral
వదిలివేయండి,Leave
గొయ్యి,Pit
స్వచ్ఛందంగా,Voluntarily
నీరసం,Boredom
హుక్,Hook
సస్పెండ్,Suspended
కొలెస్ట్రాల్,Cholesterol
మూసివేయబడింది,Closed
ప్రకటన,Advertisement
బాంబు దాడి,Bomb attack
సంప్రదించండి,Contact
ఎన్కౌంటర్,Encounter
నైపుణ్యం,Skill
సృష్టికర్త,Creator
శాంతియుతమైనది,Peaceful
కలత,Upset
అందించారు,Provided by
టాబ్లెట్,Tablet
దెబ్బ,Blow
పాలించు,Rule
ప్రయోగ,Launch
వేడెక్కడం,Overheating
ఈక్విటీ,Equity
హేతుబద్ధమైన,Rational
క్లాసిక్,Classic
ఉపయోగించుకోండి,Use it.
దేవదారు,Cedar
గత,Past
చేదు,Bitter
కాపలా,Guard
సర్జన్,Surgeon
సరసమైన,Affordable
టెన్నిస్,Tennis
కళాత్మకమైనది,Artistic
డౌన్‌లోడ్ చేయండి,Download
బాధ,Pain
ఖచ్చితత్వం,Accuracy
అక్షరాస్యత,Literacy
ఖజానా,Treasury
ప్రతిభావంతులైన,Talented
కిరీటం,Crown
ముఖ్యంగా,Especially
బేర్,Bear
అదృశ్య,Invisible
సార్జెంట్,Sergeant
నియంత్రణ,Control
బొటనవేలు,Thumb
కాలనీ,Colony
నడవడం,Walking
అందుబాటులో,Available
తిట్టు,Damn it.
అనుసంధానం,Connection
జీవిత భాగస్వామి,Spouse
అవార్డు,Award
ఉత్సాహం,Excitement
నివాసం,Residence
బోల్డ్,Bold
కౌమారదశ,Adolescence
గ్రీకు,Greek
బొమ్మ,Doll
ఆక్సిజన్,Oxygen
ఫైనాన్స్,Finance
గురుత్వాకర్షణ,Gravity
ఫంక్షనల్,Functional
రాజభవనం,Palace
ప్రతిధ్వని,Echo
పత్తి,Cotton
రక్షించు,Protect
అంచనా వేయబడింది,Estimated
కార్యక్రమం,Program
ఆమోదించు,Accept
శాసనకర్త,Legislator
సంకల్పం,Will
ఫ్లాష్,Flash
ఏకకాలంలో,Simultaneously
డైనమిక్స్,Dynamics
షెల్,Shell
సూచన,Reference
ఫ్రేమ్,Frame
పరిపాలించు,Rule
హడావిడి,Rush
క్రైస్తవ మతం,Christianity
దృష్టి మరల్చండి,Distract
నిషేధించండి,Ban
ఆరోపించారు,Allegedly
శాసనం,Statute
విలువ,Value
జీవశాస్త్రం,Biology
రిపబ్లికన్,Republican
అనుచరుడు,Follower
దుష్ట,Evil
స్పష్టంగా,Clearly
ముందు,Before
అంగీకరిస్తున్నాను,Agree
అర్హులు,Eligible
చిత్రం,Image
శిల,Rock
ఉచ్చు,Trap
సమ్మతి,Consent
పంపు,Send
క్రిందికి,Down
రక్తసిక్తమైనది,Bloody
ద్వేషించు,Hate
అప్పుడప్పుడు,Occasionally
ట్రంక్,Trunk
నిషేదించుట,Prohibition
స్థిరమైన,Stable
బొడ్డు,Belly
బ్యాంకింగ్,Banking
గాడిద,Donkey
జర్నలిజం,Journalism
ఫ్లాష్,Flash
సగటు,Average
అడ్డంకి,Obstacle
శిఖరం,Peak
నయం,Heal
బాస్టర్డ్,Bastard
ఉల్లాసమైన,Cheerful
క్షమాపణ,Apology
కణితి,Tumor
వాస్తుశిల్పి,Architect
మణికట్టు,Wrist
నౌకాశ్రయం,Harbor
అందగాడు,Handsome
బుల్ షిట్,Bullshit
రాజ్యం,Kingdom
పందెం,Bet
ట్విస్ట్,Twist
ఇన్స్పెక్టర్,Inspector
నిఘా,Surveillance
గాయం,Injury
పునర్నిర్మాణం,Reconstruction
శృంగారం,Romance
స్థూల,Gross
గడువు,Deadline
వయస్సు,Age
క్లాసికల్,Classical
తెలియచేస్తాయి,They will inform
పరిహారం,Compensation
కీటకం,Insect
చర్చ,Discussion
అవుట్పుట్,Output
పార్లమెంటు,Parliament
సూట్,Suit
వ్యతిరేకించారు,Opposed
రెట్లు,Fold
వేరు,Separate
భూతం,Demon
ఆహారపు,Food
నిర్మాణ,Construction
కాకుండా,Apart from
సమానత్వం,Equality
తార్కిక,Logical
సంభావ్యత,Probability
వేచి ఉండండి,Wait.
ఉదారంగా,Generous
సముపార్జన,Acquisition
అదుపు,Control
రాజీ,Compromise
అభినందించడానికి,To congratulate
చెత్త,Garbage
న్యాయపరమైన,Legal
భూకంపం,Earthquake
పిచ్చివాడు,Crazy
వాస్తవికమైనది,Realistic
మేల్కొలపండి,Wake up.
సమీకరించటం,Gathering
అవసరం,Need
కొమ్ము,Horn
పరామితి,Parameter
పట్టు,Silk
సవరించు,Edit
సిగ్నల్,Signal
స్పాన్సర్,Sponsor
గణితం,Mathematics
హాలు,Hall
ఆఫ్రికాకు చెందిన అమెరికా జాతీయుడు,African American
ఏదైనా,Anything
బాధ్యత,Responsibility
క్రాల్,Crawl
సిద్ధాంతపరమైన,Theoretical
ఖండించండి,Deny
ద్రవం,Liquid
మాతృభూమి,Motherland
సాంకేతిక,Technical
పరీక్ష,Test
యాంకర్,Anchor
స్పెల్,Spell
పరిశీలిస్తున్నారు,Considering
చేతనైన,Able
విటమిన్,Vitamin
తెలిసిన,Known
బందీ,Captive
రిజర్వ్,Reserve
చురుకుగా,Active
మిల్లు,Mill
యుక్తవయస్సు,Puberty
గౌరవం,Respect
తిరిగి పొందండి,Retrieve
ప్రాసెసింగ్,Processing
సెంటిమెంట్,Sentiment
సమర్పణ,Submission
మౌఖిక,Oral
ఒప్పించింది,Convinced
ఫోటోగ్రఫీ,Photography
నాణెం,Coin
ల్యాప్టాప్,Laptop
బౌన్స్,Bounce
మంచితనం,Goodness
అనుబంధం,Appendix
పంచ్,Punch
పగిలిపోతుంది,It will burst.
తేనెటీగ,Bee
ఆశీర్వాదం,Blessing
ఆదేశం,Command
నిరంతర,Continuous
పైన,Above
ల్యాండింగ్,Landing
మరమ్మత్తు,Repair
ఆందోళన,Anxiety
కర్మ,Karma
స్నానం,Bath
చాటుగా,Secretly
చారిత్రాత్మకంగా,Historically
మట్టి,Clay
స్కాన్ చేయండి,Scan
రిమైండర్,Reminder
ఆమెది,Hers
బానిసత్వం,Slavery
సూపర్వైజర్,Supervisor
పరిమాణం,Size
ఒలింపిక్స్,Olympics
ఆహ్లాదకరమైన,Pleasant
వాలు,Slope
లంగా,Skirt
అవుట్లెట్,Outlet
కనాతి,Kanati
ప్రకటన,Advertisement
ముద్ర,Seal
రోగనిరోధక,Immune
మారండి,Switch
క్యాలెండర్,Calendar
పేరా,Paragraph
ఒకేలా,Same
క్రెడిట్,Credit
విచారం,Sadness
తపన,Quest
ఫ్లాట్,Flat
వ్యవస్థాపకుడు,Founder
పేర్కొనవచ్చు,Can be specified
పొరపాట్లు,Mistakes
మట్టి,Clay
మధ్యాహ్నం,Afternoon
చివరి,Last
స్ట్రిప్,Strip
మోచేయి,Elbow
అసాధారణ,Unusual
ఉహ్-హుహ్,Uh-huh
ఐక్యత,Unity
అద్దెకు,For rent
మార్చటానికి,To change
విమానం,Airplane
పోర్ట్‌ఫోలియో,Portfolio
రహస్యమైన,Mysterious
రుచికరమైన,Delicious
వాయువ్యం,Northwest
చెమట,Sweat
లోతైన,Deep
త్యాగం,Sacrifice
నిధి,Treasure
పిండి,Flour
తేలికగా,Easily
ర్యాలీ,Rally
డిఫాల్ట్,Default
కలిసి,Together
సాదా,Plain
కౌగిలింత,Hug
ఒంటరిగా,Alone
అన్వేషణ,Search
సురక్షితమైన,Safe
అవయవం,Organ
నమోదు చేయండి,Register
బయటి,Outside
చార్టర్,Charter
నైరుతి,Southwest
తప్పించుకుంటారు,Escape
రంగస్థలం,Stage
మంత్రగత్తె,Witch
రాబోయే,Upcoming
నలభై,Forty
ఏదో ఒక రోజు,Someday
ఏకం,Unite
మర్యాద,Courtesy
విగ్రహం,Statue
పిడికిలి,Fist
కోట,Castle
ఖచ్చితమైన,Accurate
స్క్వాడ్,Squad
క్రూయిజ్,Cruise
తమాషా,Funny
చట్టబద్ధంగా,Legally
రాయబార కార్యాలయం,Embassy
సహనం,Patience
మధ్యస్థ,Medium
తద్వారా,So that
పొద,Shrub
ఊదా,Purple
తోటివాడు,Fellow
విద్యుత్,Electricity
దుస్తులను,Clothes
పంజరం,Cage
పదవీ విరమణ చేశారు,Retired
సొరచేప,Shark
లాబీ,Lobby
కాలిబాట,Trail
సమీపంలో,Nearby
రన్నర్,Runner
చీలమండ,Ankle
ఆకర్షణ,Attraction
అవివేకి,Foolish
కృత్రిమ,Artificial
దయ,Kindness
స్వదేశీ,Indigenous
చెంపదెబ్బ,Slap
ట్యూన్,Tune
నర్తకి,Dancer
కొవ్వొత్తి,Candle
లైంగికంగా,Sexually
సూది,Needle
దాచబడింది,Hidden
వృత్తాంతం,Story
శివారు,Suburb
విషపూరితమైన,Poisonous
అంతర్లీన,Underlying
నమోదు చేయు పరికరము,Recording device
మోహరించేందుకు,To deploy
అరంగేట్రం,Debut
నక్షత్రం,Star
పరిమాణం,Size
అనుమానం,Doubt
అనుకూల,Pro
వలసవాద,Colonial
చిహ్నం,Icon
అమ్మమ్మ,Grandma
సమాచారం,Information
అధికార పరిధి,Jurisdiction
ఇరానియన్,Iranian
సీనియర్,Senior
కవాతు,Parade
ముద్ర,Seal
ఆర్కైవ్,Archive
బహుమతులు ఇచ్చారు,Gifts were given.
ఆవేశం,Fury
బాహ్య,Exterior
ముగింపు,Conclusion
లూప్,Loop
పూర్తిగా,Completely
వెంబడించు,Follow
దహనం,Burning
రిసెప్షన్,Reception
స్థానిక,Local
నలిపివేయు,Crush
ఆవరణ,Premises
భావించండి,Suppose
ఆటోమేటిక్,Automatic
తిమింగలం,Whale
యాంత్రిక,Mechanical
విశ్వసనీయత,Reliability
హరించడం,Draining
డ్రిఫ్ట్,Drift
విధేయత,Obedience
ఆశాజనకంగా,Hopefully
పోటు,Tide
యాత్రికుడు,Traveler
దుఃఖం,Sadness
రూపకం,Metaphor
పుర్రె,Skull
ముసుగులో,Under the guise
చికిత్సకుడు,Therapist
బ్యాకప్,Backup
పని ప్రదేశం,Workplace
ప్రవృత్తి,Instinct
ఎగుమతి,Export
రక్తస్రావం,Bleeding
షాక్,Shock
ఏడవ,Seventh
స్థిర,Fixed
ప్రసార,Broadcast
బహిర్గతం చేయండి,Reveal
అమలు,Execution
స్నేహితుడు,Friend
నవ్వు,Laughter
పంపు,Send
సాంద్రత,Density
దిద్దుబాటు,Correction
ప్రతినిధి,Representative
ఎగిరి దుముకు,Jump
మరమ్మత్తు,Repair
కాస్త,A little
ఉపశమనం,Relief
సహచరుడు,Companion
బ్రష్,Brush
కారిడార్,Corridor
రష్యన్,Russian
అత్యుత్సాహం,Enthusiasm
పొడిగించబడింది,Extended
రూట్,Root
సరే,Okay
భయాందోళనలు,Panic attacks
ప్యాడ్,Pad
వేలం వేయండి,Place an auction
తేలికపాటి,Lightweight
ఉత్పాదకత,Productivity
అంచనా,Estimate
మడత,Folding
ఓటమి,Defeat
రైలుమార్గం,Railway
ఘనీభవించిన,Frozen
తగ్గించడానికి,To reduce
మధ్య,Middle
తనిఖీ,Check
టాక్సీ,Taxi
ఊహించబడింది,Expected
అర్ధంలేనిది,Nonsense
అల్లరి,Riot
డ్రాఫ్ట్,Draft
రైడర్,Rider
వేదాంతశాస్త్రం,Theology
అద్భుతమైన,Excellent
యాస,Accent
ఆహ్వానం,Invitation
ప్రత్యుత్తరం ఇవ్వండి,Reply
ఇజ్రాయెల్,Israel
అబద్ధాలకోరు,Liar
పర్యవేక్షించేందుకు,To supervise
ఇబ్బందికరమైన,Embarrassing
నమోదు,Registration
శివారు,Suburb
హ్యాండిల్,Handle
ఊపందుకుంటున్నది,Gaining momentum
తక్షణమే,Immediately
గుమాస్తా,Clerk
గడ్డం,Beard
హాకీ,Hockey
లేజర్,Laser
ప్రతిపాదన,Proposal
దోచుకోండి,Loot
పుంజం,Beam
పూర్వీకుడు,Ancestor
సృజనాత్మకత,Creativity
పద్యం,Poem
సాధారణం,Common
అభ్యంతరం,Objection
తెలివైన,Intelligent
ఇచ్చిన,Given
త్రోయు,Throw
విప్లవకారుడు,Revolutionary
కార్బోహైడ్రేట్,Carbohydrate
ఆవిరి,Steam
నివేదించబడింది,Reported
చూపు,Show
నుదిటి,Forehead
పునఃప్రారంభం,Restart
స్లయిడ్,Slide
గొర్రె,Sheep
మంచిది,Good
కార్పెట్,Carpet
గుడ్డ,Cloth
అంతర్గత,Internal
పూర్తి సమయం,Full time
నడుస్తోంది,Running
ప్రశ్నాపత్రం,Questionnaire
రాజీ,Compromise
నిష్క్రమణ,Exit
తరపున,On behalf of
గ్రాఫ్,Graph
దౌత్యపరమైన,Diplomatic
దొంగ,Thief
మూలిక,Herb
సబ్సిడీ,Subsidy
తారాగణం,Cast
శిలాజ,Fossil
గస్తీ,Patrol
పల్స్,Pulse
మెకానిక్,Mechanic
పశువులు,Cattle
స్క్రీనింగ్,Screening
కొనసాగుతోంది,Continuing
ఎన్నికల,Election
అనుకోవచ్చు,Maybe
గౌరవం,Respect
ప్రవక్త,Prophet
వ్యాఖ్యానం,Commentary
క్రమబద్ధీకరించు,Sort
వ్యాప్తి,Spread
అందిస్తోంది,Serving
సురక్షితంగా,Safely
ఇంటి పని,Homework
ఆరోపించారు,Allegedly
ఆండ్రాయిడ్,Android
ఆల్ఫా,Alpha
చొప్పించు,Insert
మరణము,Death
వాదించండి,Argue
ఏనుగు,Elephant
పూర్తిగా,Completely
బాధించింది,Hurt
ఖండం,Continent
గుణం,Quality
పర్యావరణ వ్యవస్థ,Ecosystem
వదిలివేయండి,Leave
సమీపంలో,Nearby
ఆలివ్,Olive
సిండ్రోమ్,Syndrome
కనీస,Minimum
క్యాచ్,Catch
నైరూప్య,Abstract
ఆరోపణ,Accusation
వస్తున్నది,Coming
గుంట,Sock
తీసుకోవడం,Taking
షటిల్,Shuttle
మెరుగైన,Better
లెక్కింపు,Calculation
వినూత్న,Innovative
జనాభా,Population
వసతి కల్పిస్తాయి,Provide accommodation
దవడ,Jaw
అన్యాయం,Injustice
విషాదకరమైన,Tragic
కలిగి ఉంటాయి,Have
వేగంగా,Fast
పోషణ,Nutrition
గురువు,Teacher
వైఖరి,Attitude
కుందేలు,Rabbit
విరామం,Break
చుక్క,Drop
సహకారి,Collaborator
సహకరించిన,Collaborated
డిస్క్,Disk
సంకోచించండి,Feel free.
సంబంధించి,Regarding
నేరం,Crime
దోపిడీ,Robbery
బలవంతం,Force
సంభావ్యత,Probability
తోబుట్టువు,Sibling
ఆగ్నేయం,Southeast
బ్రహ్మాండమైన,Magnificent
చేపట్టండి,Take it on.
చిత్రకారుడు,Painter
నివాస,Residential
ప్రతిరూపం,Replica
నమ్మినవాడు,Believer
దీపం,Lamp
ఖైదీ,Prisoner
పూర్తిగా,Completely
జాడ కనుగొను,Trace
విచిత్రం,Strange
వడపోత,Filter
దిండు,Pillow
కక్ష్య,Orbit
పర్స్,Purse
అదేవిధంగా,Similarly
నిలిపివేయండి,Disable
ఉత్తీర్ణత,Passing
ఫీడ్,Feed
అదృశ్యం,Disappearance
బోధనాపరమైన,Pedagogical
ఉపవాక్య,Clause
మానసికంగా,Mentally
మోడల్,Model
వదిలేశారు,Left behind
చెరువు,Pond
తటస్థ,Neutral
కవచం,Armor
ప్రజాదరణ,Popularity
కార్టూన్,Cartoon
అధికారం,Authority
కలిపి,Combined
ప్రదర్శించు,Display
మునిగిపోతుంది,Sinking
గ్రాఫిక్,Graphic
ప్రియతమా,Dear
సాంప్రదాయకంగా,Traditionally
విక్రేత,Seller
పేలవంగా,Poorly
గర్భం దాల్చండి,Get pregnant.
ఎంపిక,Choice
దిగుతారు,Will get off
దృఢంగా,Firmly
ప్రియమైన,Dear
బహిరంగంగా,Publicly
సేకరణ,Collection
పరాయి,Alien
కాండం,Stem
జ్వరం,Fever
బోధిస్తారు,Teach
జోక్యం చేసుకుంటాయి,Interfere
బాణం,Arrow
అవసరం,Need
పెట్టుబడిదారీ విధానం,Capitalism
తన్నండి,Kick
ఫోర్క్,Fork
సర్వే,Survey
ఈలోగా,In the meantime
బహుశా,Maybe
స్థానం,Location
జాత్యహంకార,Racist
ఉండు,Stay
భ్రాంతి,Hallucination
తొలగింపు,Removal
ఆత్రుతగా,Anxiously
అరబ్,Arab
జీవి,Creature
మేల్కొని,Awake
శిల్పం,Sculpture
విడిగా,Separately
సముద్ర,Sea
వేధింపులు,Harassment
డ్రమ్,Drum
తగ్గుతాయి,Decrease
హెల్మెట్,Helmet
స్థాయి,Level
సర్టిఫికేట్,Certificate
గిరిజనుడు,Tribal
చెడు,Bad
mmm,mmm
పాపం,Sin
బండి,Cart
గూఢచారి,Spy
సూర్యకాంతి,Sunlight
తొలగించు,Delete
రూకీ,Rookie
స్పష్టం,Clear
ఆకలి,Hunger
అభ్యాసకుడు,Learner
ప్రదర్శకుడు,Performer
రక్షిత,Protected
కూజా,Jar
ప్రోగ్రామింగ్,Programming
తెల్లవారుజాము,Early morning
సాల్మన్ చేప,Salmon
జనాభా గణన,Census
ఎంచుకోండి,Choose
సాఫల్యం,Achievement
మనస్సాక్షి,Conscience
అదృష్టవశాత్తూ,Fortunately
కనిష్ట,Minimum
అణువు,Atom
మద్దతునిస్తుంది,Supports
ఏకైక,Unique
త్రెషోల్డ్,Threshold
జాబితా,List
అనుగుణంగా,In accordance with
ద్రవ్య,Monetary
రవాణా,Transportation
పిరికి,Shy
డ్రిల్,Drill
ప్రభావవంతమైన,Effective
శబ్ద,Verb
బహుమతి,Gift
ర్యాంకింగ్,Ranking
గ్రాము,Gram
గ్రహించు,Understand
పజిల్,Puzzle
కవచ,Armor
వేడి,Heat
వర్గీకరించండి,Classify
చట్టం,Law
దురదృష్టకరం,Unfortunate
చెల్లాచెదురు,Scatter
నయం,Heal
సమయం,Time
ప్రియమైన,Dear
ముక్క,Piece
వెంటనే,Immediately
తిట్టు,Damn it.
తగ్గింపు,Discount
వ్యసనం,Addiction
ఉద్భవిస్తున్నది,Emerging
యోగ్యమైనది,Decent
మార్కర్,Marker
న్యాయమూర్తి,Judge
ప్రస్తావన,Reference
కలపండి,Mix
వ్యాపారవేత్త,Businessman
ప్రీమియం,Premium
చిల్లర వర్తకుడు,Retailer
ఆరోపణ,Accusation
కాలేయం,Liver
సముద్రపు దొంగ,Pirate
నిరసనకారుడు,Protester
దృక్పథం,Perspective
పెద్ద,Big
గాలన్,Gallon
అదనంగా,Additionally
అజ్ఞానం,Ignorance
రసాయన శాస్త్రం,Chemistry
కొన్నిసార్లు,Sometimes
కలుపు,Weed
పసికందు,Baby
భిన్నం,Fraction
ఉడికించాలి,Cook
మార్పిడి,Exchange
వస్తువు,Object
సహించండి,Bear with me.
కాలిబాట,Trail
మునుగు,Sink
యోగ్యత,Competence
పౌరసత్వం,Citizenship
సమన్వయకర్త,Coordinator
చెల్లుబాటు,Validity
యూరోపియన్,European
మెరుపు,Lightning
తాబేలు,Turtle
ఆశయం,Ambition
ప్రపంచవ్యాప్తంగా,Worldwide
తెరచాప,Sail
జోడించారు,Added
సున్నితమైన,Sensitive
హాస్య,Humorous
సబ్బు,Soap
విరుద్ధమైన,Contradictory
ఉపదేశించండి,Instruct
కొరత,Shortage
పనికిరానిది,Useless
బూత్,Booth
డైరీ,Diary
ఊపిరి పీల్చుకోండి,Breathe.
అనుమానాస్పదమైన,Suspicious
రవాణా,Transportation
ఉత్తేజపరచు,Invigorate
ప్రచురించడం,Publishing
ఉత్సుకత,Curiosity
గ్రిడ్,Grid
రోలింగ్,Rolling
విల్లు,Bow
క్రూరమైన,Cruel
బహిర్గతం,Disclosure
ప్రత్యర్థి,Opponent
తిరస్కరణ,Rejection
లౌకిక,Secular
వరద,Flood
ఊహాగానాలు,Speculation
సానుభూతి,Sympathy
టెండర్,Tender
తగని,Inappropriate
గంట,Hour
సోడియం,Sodium
విడాకులు,Divorce
వసంత,Spring
చప్పుడు,Bang
సవాలు,Challenge
ఐప్యాడ్,iPad
సాక్,Sock
ధాన్యపు కొట్టు,Granary
విశ్వసనీయత,Reliability
హార్మోన్,Hormone
ఫుటేజ్,Footage
చెక్కు,Check
సందు,Alley
సులభం,Easy
తీరప్రాంతం,Coastline
కేఫ్,Cafe
పాక్షికం,Partial
అనువైన,Suitable
అనుభవించాడు,Experienced
మిశ్రమ,Mixed
రక్త పిశాచి,Vampire
ఆశావాద,Optimistic
డెజర్ట్,Dessert
క్షేమం,Well-being
ఈశాన్య,Northeast
ప్రత్యేకత,Specialization
నౌకాదళం,Navy
లభ్యత,Availability
సమ్మతి,Consent
పిన్,Pin
పంది మాంసం,Pork
ఖగోళ శాస్త్రవేత్త,Astronomer
ఇష్టం,Like
నిషేధించండి,Ban
సంస్థాపన,Installation
ఉడకబెట్టండి,Boil.
గూడు,Nest
ప్రత్యేకంగా,Especially
మేక,Goat
లోతు లేని,Depthless
సన్నద్ధం,Preparation
సమానమైన,Equivalent
ద్రోహం,Betrayal
అంగీకారం,Acceptance
బ్యాంకర్,Banker
విరామం,Break
గ్యాసోలిన్,Gasoline
ప్రోత్సహించడం,Encouraging
వర్షం,Rain
మార్పిడి,Exchange
బకెట్,Bucket
దొంగతనం,Theft
లాండ్రీ,Laundry
నిర్బంధం,Detention
మరణిస్తున్నాను,Dying
ద్వేషం,Hatred
నగలు,Jewelry
వలస,Immigration
ఆవిష్కరణ,Innovation
ప్రేమించే,Loving
పగ,Revenge
అపూర్వమైన,Unprecedented
రూపురేఖలు,Outline
పూర్తిగా,Completely
హాలోవీన్,Halloween
ప్రియురాలు,Sweetheart
ఉమ్మి,Spit
సోమరితనం,Laziness
సన్నిహితుడు,Close friend
రక్షకుడు,Savior
సాంకేతికంగా,Technically
యుద్ధం,War
నయం,Heal
వేరుశెనగ,Peanut
అస్పష్టంగా,Unclear
పిసి,PC
వ్యాయామం,Exercise
అరణ్యం,Forest
బలవంతపు,Compulsive
పదకొండు,Eleven
చేయి,Hand
పెరడు,Backyard
ఒకేలా,Same
పాక్షికంగా,Partially
రవాణా,Transportation
సంరక్షకుడు,Guardian
మక్కువ,Passion
గ్రంథం,Scripture
మధ్యలో,In the middle
సైద్ధాంతిక,Theoretical
వేరుగా,Separately
అభివృద్ధి చెందుతాయి,Develop
సున్నితత్వం,Sensitivity
ట్రిగ్గర్,Trigger
మానసికంగా,Mentally
అజ్ఞాని,Ignorant
స్పష్టంగా,Clearly
విప్పు,Unfold
తలనొప్పి,Headache
శాశ్వతమైన,Eternal
గొడ్డలితో నరకడం,Chopping with an axe
అహంకారం,Pride
అద్భుతమైన,Excellent
డిపాజిట్,Deposit
తీర్పు,Verdict
సంబంధించి,Regarding
జవాబుదారీతనం,Accountability
నామినేట్ చేయండి,Nominate
పౌర,Civil
బట్టబయలు చేయండి,Expose
విమర్శ,Criticism
నడవ,Aisle
ఉష్ణమండల,Tropical
ఏటా,Annually
ఎనిమిదవది,Eighth
పేలుడు,Explosion
అవినీతిపరుడు,Corrupt person
కరుణ,Compassion
స్క్రాచ్,Scratch
ధృవీకరించండి,Verify
అపరాధి,Offender
వారసత్వంగా,Inherited
పోరాడాలి,Must fight
డౌన్ టౌన్,Downtown
భాగం,Part
ప్రశంసతో,With appreciation
కాన్వాస్,Canvas
పంచ్,Punch
తక్కువ సమయం,Short time
ప్రొసీడింగ్స్,Proceedings
మాయా,Maya
నమ్మకమైన,Reliable
ఆహ్,Ah
నిర్విరామంగా,Desperately
సింహాసనం,Throne
క్రూరమైన,Cruel
ఉన్నప్పటికీ,Although
ప్రచారం,Campaign
వ్యంగ్యం,Irony
సోడా,Soda
ప్రొజెక్షన్,Projection
డచ్,Dutch
తల్లిదండ్రుల,Parental
వికలాంగుడు,Disabled person
కలెక్టర్,Collector
మళ్ళి ఎన్నికలు,Re-election
నిరాశ,Despair
హాస్య,Humorous
సహాయం,Help
సంతోషంగా,Happy
నిటారుగా,Upright
ఫాన్సీ,Fancy
కౌంటర్,Counter
వినేవాడు,Listener
కొరడా దెబ్బ,Whiplash
ప్రజా,Public
సొరుగు,Drawer
హెక్,Heck
అభివృద్ధి,Development
ఆదర్శవంతమైనది,Ideal
బూడిద,Gray
సామాజికంగా,Socially
న్యాయస్థానం,Court
స్టాంపు,Stamp
సోలో,Solo
శిక్షకుడు,Trainer
ప్రేరేపించు,Inspire
ఎప్పుడైనా,Anytime
నైతికత,Morality
సిరియన్,Syrian
పైప్లైన్,Pipeline
వధువు,Bride
తక్షణ,Instant
స్పార్క్,Spark
ద్వారం,Gate
ఇంటర్ఫేస్,Interface
అభ్యసించేవాడు,Learner
క్యాసినో,Casino
ప్లేస్మెంట్,Placement
త్రాడు,Cord
అభిమాని,Fan
భావన,Concept
వశ్యత,Flexibility
నువ్వు,You
పన్ను,Tax
సొగసైన,Elegant
లోపం,Error
లాకర్,Locker
పొట్టు,Husk
ప్రచారం,Campaign
ట్విస్ట్,Twist
స్పెల్,Spell
లక్ష్యం,Goal
మనవి,Request
దేవుడా,Oh God
దిగుమతి,Import
స్టాక్,Stock
అబ్బా,"Oh, my God."
తాత్వికమైనది,Philosophical
వ్యర్థ,Waste
సైకిల్,Bicycle
స్వర,Vocal
నమలండి,Chew.
విధి,Fate
ప్రతిష్టాత్మకమైన,Prestigious
నమ్మశక్యం కానిది,Incredible
వైస్,Vice
సగం,Half
ఈర్ష్య,Jealousy
గోళము,Sphere
దండయాత్ర చేస్తారు,They will invade.
స్పాన్సర్,Sponsor
మితిమీరిన,Excessive
లెక్కలేనన్ని,Countless
సూర్యాస్తమయం,Sunset
అంతర్గత,Internal
అకౌంటింగ్,Accounting
నమ్మకమైన,Reliable
స్వేచ్ఛగా,Freely
సారం,Extract
అనుసరణ,Adaptation
కిరణం,Ray
అణగారిన,Depressed
చక్రవర్తి,Emperor
బండి,Cart
వ్యాసకర్త,Essayist
అడవి,Forest
ఇబ్బందిపడ్డాడు,Embarrassed
ట్రిలియన్,Trillion
గాలి,Wind
నిందిస్తారు,Blame
పెంపొందించు,Enhance
వేదిక,Platform
నిరుత్సాహపరచు,Discourage
కలవరపెడుతోంది,Disturbing
అల్లర్లు,Riots
విడిగా ఉంచడం,Keeping it separate
స్పష్టమైన,Clear
సరుకు,Cargo
హాజరు,Attendance
ట్యాబ్,Tab
తత్ఫలితంగా,Consequently
పిండి,Flour
నవల,Novel
గీత,Line
పట్టు,Silk
సారూప్యత,Similarity
స్టీక్,Steak
నృత్యం,Dance
పిటిషన్,Petition
అనుకూలమైన,Convenient
శ్వాస,Breath
మి.మీ,mm
బెలూన్,Balloon
స్మారక చిహ్నం,Monument
ప్రయత్నించండి,Try
క్యూ,Queue
స్లీవ్,Sleeve
టోల్,Toll
అయిష్టంగా,Reluctantly
వారెంట్,Warrant
గట్టి,Hard
పచ్చబొట్టు,Tattoo
మెత్తగా,Softly
ఆకస్మికంగా,Suddenly
గ్రాడ్యుయేషన్,Graduation
జపనీస్,Japanese
ఉద్దేశపూర్వకంగా,On purpose
వరుసగా,In a row
అప్గ్రేడ్,Upgrade
సహచరుడు,Companion
ఖచ్చితంగా,Sure
ఖచ్చితంగా,Sure
లీక్,Leak
ప్రాణనష్టం,Loss of life
ప్రమాదకరం,Dangerous
అరటిపండు,Banana
ఖాళీ,Empty
ప్రయోజనకరమైన,Beneficial
కుదించు,Collapse
చాట్,Chat
రాక్,Rock
సభ్యత లేని,Impolite
వాడుక,Usage
నిబంధన,Clause
బ్రౌజర్,Browser
ప్రాసెసర్,Processor
తొడ,Thigh
గ్రహించారు,Realized
దిగుబడి,Yield
మాట్లాడుతున్నారు,Talking
వ్యాపారి,Merchant
క్వాంటం,Quantum
కనుబొమ్మ,Eyebrow
పరిసర,Surroundings
పదజాలం,Vocabulary
సిగ్గుపడ్డాడు,He was ashamed.
eh,eh
రాడార్,Radar
అద్భుతమైన,Excellent
హంతకుడు,Murderer
బర్గర్,Burger
కాలర్,Collar
సమలేఖనం,Alignment
పాఠ్యపుస్తకం,Textbook
సంచలనం,Sensation
తరువాత,Later
ఆకర్షణ,Attraction
ఎండ,Sunny
సుత్తి,Hammer
కీబోర్డ్,Keyboard
అంటిపెట్టుకుని ఉంటారు,They will cling.
గోధుమ,Wheat
ప్రెడేటర్,Predator
విచిత్రమైన,Strange